{"stats":{"minecraft:killed":{"minecraft:sheep":10,"minecraft:zombie":1,"minecraft:pig":10,"minecraft:cow":17},"minecraft:mined":{"minecraft:white_bed":1,"minecraft:furnace":1,"biomeswevegone:mahogany_log":12,"biomeswevegone:leaf_pile":1,"croptopia:sweetpotato_crop":1,"biomeswevegone:redwood_crafting_table":3,"croptopia:chile_pepper_crop":1,"minecraft:grass":13,"minecraft:coal_ore":11,"minecraft:vine":4,"minecraft:sugar_cane":5,"regions_unexplored:windswept_grass":1,"regions_unexplored:redwood_log":1,"minecraft:cobblestone":1,"minecraft:bamboo":2,"minecraft:stone":22,"biomeswevegone:redwood_log":5},"minecraft:dropped":{"croptopia:sweetpotato_seed":1,"minecraft:rotten_flesh":6,"croptopia:chile_pepper":1,"croptopia:sweetpotato":1,"minecraft:wooden_pickaxe":1,"croptopia:chile_pepper_seed":1},"minecraft:used":{"minecraft:stone_sword":20,"minecraft:stone_pickaxe":32,"minecraft:wooden_pickaxe":5,"minecraft:stone_axe":65,"biomeswevegone:redwood_crafting_table":3,"regions_unexplored:redwood_planks":4,"biomeswevegone:leaf_pile":1,"minecraft:furnace":1,"minecraft:white_bed":1,"minecraft:cooked_beef":5},"minecraft:custom":{"minecraft:time_since_rest":3844,"minecraft:interact_with_furnace":3,"minecraft:sprint_one_cm":93184,"minecraft:damage_taken":230,"minecraft:walk_one_cm":31577,"minecraft:mob_kills":38,"minecraft:drop":8,"minecraft:damage_dealt":3530,"minecraft:swim_one_cm":421,"minecraft:fly_one_cm":116521,"minecraft:interact_with_crafting_table":5,"minecraft:crouch_one_cm":679,"minecraft:play_time":17929,"minecraft:sneak_time":374,"minecraft:walk_under_water_one_cm":28,"minecraft:jump":492,"minecraft:walk_on_water_one_cm":765,"minecraft:time_since_death":17929,"minecraft:sleep_in_bed":1,"minecraft:climb_one_cm":472,"minecraft:total_world_time":17929,"minecraft:fall_one_cm":16350},"minecraft:crafted":{"minecraft:cooked_beef":6,"regions_unexplored:redwood_planks":4,"minecraft:stick":8,"minecraft:wooden_pickaxe":1,"minecraft:stone_pickaxe":1,"minecraft:stone_sword":1,"minecraft:white_bed":1,"minecraft:furnace":1,"biomeswevegone:redwood_planks":20,"minecraft:stone_axe":1,"biomeswevegone:redwood_crafting_table":1,"minecraft:air":0},"minecraft:picked_up":{"croptopia:chile_pepper_seed":1,"biomeswevegone:mahogany_log":12,"biomeswevegone:leaf_pile":1,"minecraft:leather":19,"croptopia:sweetpotato_seed":1,"minecraft:porkchop":21,"minecraft:white_bed":1,"croptopia:chile_pepper":1,"minecraft:rotten_flesh":6,"croptopia:sweetpotato":1,"biomeswevegone:redwood_crafting_table":3,"minecraft:beef":33,"biomeswevegone:redwood_log":5,"minecraft:bamboo":21,"minecraft:sugar_cane":12,"regions_unexplored:redwood_log":1,"minecraft:mutton":16,"minecraft:coal":11,"minecraft:white_wool":10,"minecraft:furnace":1,"minecraft:cobblestone":23}},"DataVersion":3465}