{"stats":{"minecraft:dropped":{"minecraft:wheat_seeds":3,"biomeswevegone:skyris_vine":43,"minecraft:rail":2,"minecraft:stick":1,"minecraft:diorite":1,"minecraft:string":1,"minecraft:white_wool":1,"minecraft:bone":1,"minecraft:stone_axe":1,"minecraft:iron_nugget":6,"minecraft:stone_sword":1,"minecraft:rotten_flesh":5,"blockus:limestone":2,"promenade:asphalt":3,"minecraft:magenta_dye":3,"minecraft:stone_pickaxe":1,"minecraft:wooden_pickaxe":1},"minecraft:picked_up":{"blockus:limestone":3,"minecraft:crafting_table":11,"biomeswevegone:skyris_vine":45,"minecraft:string":8,"minecraft:raw_copper":1030,"blockus:marble":1,"biomeswevegone:skyris_sapling":6,"minecraft:cobbled_deepslate":8,"indrev:raw_silver":3,"minecraft:beef":9,"minecraft:light_gray_wool":1,"minecraft:furnace":4,"minecraft:raw_iron":87,"minecraft:stick":15,"promenade:asphalt":3,"minecraft:torch":1,"minecraft:diorite":3,"biomeswevegone:skyris_log":20,"minecraft:redstone":67,"indrev:raw_lead":4,"minecraft:rotten_flesh":5,"mythicmetals:raw_manganese":59,"minecraft:mutton":6,"minecraft:rail":2,"minecraft:white_wool":3,"minecraft:cobblestone":106,"minecraft:lilac":3,"minecraft:leather":1,"minecraft:magenta_bed":2,"minecraft:gunpowder":3,"indrev:raw_tin":42,"minecraft:lapis_lazuli":74,"minecraft:bone":1,"minecraft:apple":1,"minecraft:wheat_seeds":3,"minecraft:raw_gold":2,"minecraft:iron_ingot":1,"minecraft:cobweb":4,"mythicmetals:raw_silver":15,"minecraft:gravel":1,"mythicmetals:raw_quadrillum":7,"minecraft:spruce_sapling":4,"minecraft:spruce_log":19,"regions_unexplored:maple_log":28,"indrev:nikolite_dust":49,"regions_unexplored:stripped_maple_log":1,"minecraft:coal":162},"minecraft:broken":{"minecraft:stone_pickaxe":1,"minecraft:iron_pickaxe":2},"minecraft:killed":{"minecraft:skeleton":1,"minecraft:creeper":3,"minecraft:sheep":4,"minecraft:zombie":11,"minecraft:cow":4},"minecraft:mined":{"indrev:silver_ore":2,"universal_ores:andesite_iron_ore":3,"regions_unexplored:maple_log":28,"mythicmetals:silver_ore":11,"regions_unexplored:maple_leaves":6,"indrev:deepslate_lead_ore":2,"minecraft:spruce_leaves":6,"biomeswevegone:skyris_log":20,"universal_ores:diorite_copper_ore":3,"indrev:deepslate_tin_ore":22,"minecraft:redstone_ore":1,"mythicmetals:quadrillum_ore":5,"minecraft:furnace":4,"universal_ores:andesite_coal_ore":4,"minecraft:iron_ore":64,"indrev:deepslate_nikolite_ore":7,"minecraft:rail":2,"minecraft:deepslate_iron_ore":2,"regions_unexplored:medium_grass":1,"minecraft:stone":105,"universal_ores:andesite_copper_ore":2,"universal_ores:diorite_iron_ore":6,"minecraft:deepslate_redstone_ore":14,"universal_ores:granite_iron_ore":2,"regions_unexplored:stripped_maple_log":1,"minecraft:crafting_table":11,"indrev:nikolite_ore":4,"minecraft:copper_ore":297,"minecraft:cobblestone":2,"blockus:marble":1,"minecraft:lapis_ore":13,"indrev:deepslate_silver_ore":1,"biomeswevegone:flowering_skyris_leaves":3,"minecraft:diorite":3,"indrev:tin_ore":20,"supplementaries:urn":1,"universal_ores:diorite_coal_ore":4,"mythicmetals:manganese_ore":38,"minecraft:magenta_bed":2,"minecraft:lilac":4,"minecraft:spruce_log":19,"minecraft:tnt":1,"indrev:lead_ore":2,"minecraft:grass":8,"minecraft:coal_ore":92,"minecraft:gravel":1,"biomeswevegone:skyris_leaves":9,"minecraft:cobweb":12,"blockus:limestone":2,"promenade:asphalt":3,"minecraft:gold_ore":2,"minecraft:deepslate":7,"biomeswevegone:green_apple_skyris_leaves":1,"blockus:bluestone":1},"minecraft:custom":{"minecraft:mob_kills":23,"minecraft:interact_with_crafting_table":25,"minecraft:open_barrel":1,"minecraft:leave_game":1,"minecraft:time_since_death":62700,"minecraft:sprint_one_cm":139012,"minecraft:walk_one_cm":135719,"minecraft:drop":30,"minecraft:play_time":62700,"minecraft:sneak_time":2515,"minecraft:walk_under_water_one_cm":4748,"minecraft:jump":395,"minecraft:walk_on_water_one_cm":3185,"minecraft:total_world_time":62700,"minecraft:interact_with_furnace":21,"minecraft:sleep_in_bed":1,"minecraft:time_since_rest":54187,"minecraft:damage_taken":283,"minecraft:trigger_trapped_chest":1,"minecraft:damage_dealt":3280,"minecraft:swim_one_cm":185,"minecraft:fly_one_cm":37218,"minecraft:open_chest":1,"minecraft:crouch_one_cm":7934,"minecraft:fall_one_cm":9112},"minecraft:used":{"minecraft:stone_sword":32,"minecraft:iron_sword":27,"minecraft:torch":64,"minecraft:iron_axe":3,"minecraft:furnace":4,"biomeswevegone:skyris_vine":2,"biomeswevegone:skyris_log":4,"minecraft:cooked_mutton":6,"minecraft:water_bucket":1,"minecraft:diorite":2,"minecraft:stone_pickaxe":238,"minecraft:wooden_pickaxe":3,"minecraft:crafting_table":11,"minecraft:magenta_bed":2,"minecraft:shears":4,"onlyhammers:stone_hammer":4,"minecraft:apple":1,"minecraft:iron_pickaxe":501,"minecraft:gravel":1,"minecraft:stone_axe":80,"minecraft:cobblestone":10,"minecraft:bucket":1,"blockus:marble":1,"regions_unexplored:maple_log":5},"minecraft:crafted":{"minecraft:magenta_wool":3,"regions_unexplored:maple_planks":36,"minecraft:furnace":1,"minecraft:raw_copper_block":114,"minecraft:cooked_mutton":6,"minecraft:iron_boots":1,"minecraft:iron_axe":1,"minecraft:stone_pickaxe":2,"minecraft:magenta_dye":6,"minecraft:cooked_beef":9,"minecraft:magenta_bed":1,"minecraft:crafting_table":1,"minecraft:wooden_pickaxe":1,"minecraft:iron_helmet":1,"minecraft:iron_sword":1,"minecraft:bucket":1,"minecraft:stone_axe":1,"minecraft:air":0,"minecraft:iron_chestplate":1,"minecraft:shield":1,"minecraft:stick":16,"minecraft:iron_ingot":31,"minecraft:iron_pickaxe":2,"minecraft:stone_sword":1,"minecraft:iron_leggings":1,"minecraft:torch":48,"onlyhammers:stone_hammer":1,"minecraft:shears":1}},"DataVersion":3465}