{"stats":{"minecraft:killed":{"minecraft:zombie":1,"minecraft:cow":4},"minecraft:mined":{"biomeswevegone:leaf_pile":1,"croptopia:sweetpotato_crop":1,"biomeswevegone:redwood_crafting_table":2,"croptopia:chile_pepper_crop":1,"minecraft:grass":9,"minecraft:coal_ore":11,"minecraft:stone":22,"biomeswevegone:redwood_log":5},"minecraft:dropped":{"croptopia:sweetpotato_seed":1,"minecraft:rotten_flesh":6,"croptopia:chile_pepper":1,"croptopia:sweetpotato":1,"croptopia:chile_pepper_seed":1},"minecraft:used":{"minecraft:stone_sword":18,"minecraft:stone_pickaxe":30,"minecraft:wooden_pickaxe":5,"minecraft:stone_axe":3,"biomeswevegone:redwood_crafting_table":2,"biomeswevegone:leaf_pile":1,"minecraft:furnace":1,"minecraft:cooked_beef":1},"minecraft:custom":{"minecraft:time_since_rest":5929,"minecraft:interact_with_furnace":3,"minecraft:sprint_one_cm":13001,"minecraft:damage_taken":90,"minecraft:walk_one_cm":16382,"minecraft:mob_kills":5,"minecraft:drop":7,"minecraft:damage_dealt":430,"minecraft:fly_one_cm":6935,"minecraft:interact_with_crafting_table":4,"minecraft:crouch_one_cm":305,"minecraft:play_time":5929,"minecraft:sneak_time":233,"minecraft:jump":65,"minecraft:time_since_death":5929,"minecraft:total_world_time":5929,"minecraft:fall_one_cm":2955},"minecraft:crafted":{"minecraft:cooked_beef":3,"minecraft:stick":8,"minecraft:wooden_pickaxe":1,"minecraft:stone_pickaxe":1,"minecraft:stone_sword":1,"minecraft:furnace":1,"biomeswevegone:redwood_planks":20,"minecraft:stone_axe":1,"biomeswevegone:redwood_crafting_table":1,"minecraft:air":0},"minecraft:picked_up":{"croptopia:chile_pepper_seed":1,"biomeswevegone:leaf_pile":1,"minecraft:leather":5,"croptopia:sweetpotato_seed":1,"croptopia:chile_pepper":1,"minecraft:rotten_flesh":6,"croptopia:sweetpotato":1,"biomeswevegone:redwood_crafting_table":2,"minecraft:beef":6,"biomeswevegone:redwood_log":5,"minecraft:coal":11,"minecraft:cobblestone":22}},"DataVersion":3465}