{"stats":{"minecraft:killed":{"minecraft:pig":13,"minecraft:creeper":1,"minecraft:sheep":14,"minecraft:zombie":1,"minecraft:cow":21},"minecraft:mined":{"minecraft:white_bed":1,"universal_ores:andesite_iron_ore":7,"biomeswevegone:mahogany_log":12,"biomeswevegone:leaf_pile":1,"croptopia:sweetpotato_crop":1,"biomeswevegone:redwood_crafting_table":3,"minecraft:glow_lichen":1,"minecraft:cobblestone":6,"minecraft:sugar_cane":5,"biomeswevegone:redwood_log":5,"biomeswevegone:magenta_amaranth":1,"minecraft:furnace":1,"minecraft:iron_ore":20,"minecraft:andesite":1,"croptopia:chile_pepper_crop":1,"minecraft:grass":14,"minecraft:coal_ore":15,"minecraft:vine":4,"minecraft:bamboo":2,"minecraft:stone":29,"regions_unexplored:redwood_log":1,"regions_unexplored:windswept_grass":2},"minecraft:dropped":{"minecraft:wheat_seeds":1,"minecraft:rotten_flesh":6,"croptopia:chile_pepper":1,"croptopia:sweetpotato":1,"croptopia:chile_pepper_seed":1,"croptopia:sweetpotato_seed":1,"minecraft:wooden_pickaxe":1,"biomeswevegone:magenta_amaranth":1},"minecraft:used":{"minecraft:stone_sword":24,"minecraft:stone_pickaxe":77,"minecraft:wooden_pickaxe":5,"biomeswevegone:redwood_crafting_table":4,"minecraft:torch":4,"regions_unexplored:redwood_planks":4,"minecraft:white_bed":1,"minecraft:stone_axe":83,"minecraft:cobblestone":9,"biomeswevegone:leaf_pile":1,"minecraft:furnace":2,"minecraft:andesite":1,"minecraft:cooked_beef":6},"minecraft:custom":{"minecraft:interact_with_furnace":7,"minecraft:mob_kills":50,"minecraft:interact_with_crafting_table":10,"minecraft:time_since_death":29929,"minecraft:sleep_in_bed":1,"minecraft:climb_one_cm":472,"minecraft:time_since_rest":15844,"minecraft:sprint_one_cm":110900,"minecraft:damage_taken":270,"minecraft:walk_one_cm":44627,"minecraft:drop":10,"minecraft:damage_dealt":4750,"minecraft:swim_one_cm":421,"minecraft:fly_one_cm":136258,"minecraft:crouch_one_cm":2292,"minecraft:play_time":29929,"minecraft:sneak_time":1414,"minecraft:walk_under_water_one_cm":28,"minecraft:jump":600,"minecraft:walk_on_water_one_cm":765,"minecraft:total_world_time":29929,"minecraft:fall_one_cm":19984},"minecraft:crafted":{"minecraft:cooked_beef":6,"minecraft:wooden_pickaxe":1,"minecraft:iron_helmet":1,"minecraft:furnace":1,"biomeswevegone:redwood_planks":20,"minecraft:bucket":1,"minecraft:stone_axe":1,"minecraft:air":0,"regions_unexplored:redwood_planks":4,"minecraft:iron_boots":1,"minecraft:iron_chestplate":1,"minecraft:stick":12,"minecraft:iron_pickaxe":1,"minecraft:iron_ingot":24,"minecraft:stone_pickaxe":1,"minecraft:stone_sword":1,"minecraft:white_bed":1,"minecraft:torch":4,"biomeswevegone:redwood_crafting_table":1},"minecraft:picked_up":{"biomeswevegone:magenta_amaranth":1,"biomeswevegone:leaf_pile":1,"minecraft:andesite":1,"minecraft:leather":21,"croptopia:sweetpotato_seed":1,"croptopia:sweetpotato":1,"minecraft:wheat_seeds":1,"minecraft:beef":41,"minecraft:bamboo":21,"minecraft:sugar_cane":12,"regions_unexplored:redwood_log":1,"minecraft:furnace":1,"croptopia:chile_pepper_seed":1,"minecraft:raw_iron":27,"biomeswevegone:mahogany_log":12,"minecraft:porkchop":29,"minecraft:white_bed":1,"croptopia:chile_pepper":1,"minecraft:rotten_flesh":6,"biomeswevegone:redwood_crafting_table":3,"biomeswevegone:redwood_log":5,"minecraft:mutton":21,"minecraft:coal":15,"minecraft:white_wool":14,"minecraft:cobblestone":35}},"DataVersion":3465}