{"stats":{"minecraft:picked_up":{"minecraft:crafting_table":9,"minecraft:lilac":3,"minecraft:leather":1,"minecraft:magenta_bed":2,"minecraft:gunpowder":3,"minecraft:lapis_lazuli":74,"indrev:raw_tin":18,"biomeswevegone:skyris_vine":45,"minecraft:string":8,"minecraft:raw_copper":608,"minecraft:apple":1,"minecraft:wheat_seeds":3,"biomeswevegone:skyris_sapling":6,"minecraft:iron_ingot":1,"minecraft:beef":9,"minecraft:cobweb":4,"minecraft:light_gray_wool":1,"minecraft:furnace":3,"minecraft:stick":15,"minecraft:raw_iron":59,"promenade:asphalt":3,"minecraft:torch":1,"minecraft:spruce_sapling":4,"minecraft:diorite":3,"biomeswevegone:skyris_log":20,"minecraft:spruce_log":19,"minecraft:rotten_flesh":4,"mythicmetals:raw_manganese":31,"regions_unexplored:maple_log":28,"regions_unexplored:stripped_maple_log":1,"minecraft:rail":2,"minecraft:coal":141,"minecraft:mutton":6,"minecraft:white_wool":3,"minecraft:cobblestone":82},"minecraft:used":{"minecraft:cooked_mutton":3,"minecraft:diorite":2,"minecraft:stone_sword":32,"minecraft:stone_pickaxe":238,"minecraft:wooden_pickaxe":3,"minecraft:iron_sword":18,"minecraft:torch":23,"minecraft:crafting_table":9,"minecraft:magenta_bed":2,"minecraft:shears":4,"onlyhammers:stone_hammer":4,"minecraft:apple":1,"minecraft:iron_axe":1,"minecraft:iron_pickaxe":202,"minecraft:stone_axe":80,"minecraft:cobblestone":2,"minecraft:furnace":3,"biomeswevegone:skyris_vine":2,"regions_unexplored:maple_log":5,"biomeswevegone:skyris_log":4},"minecraft:broken":{"minecraft:stone_pickaxe":1},"minecraft:dropped":{"minecraft:stone_axe":1,"minecraft:wheat_seeds":3,"minecraft:iron_nugget":6,"minecraft:stone_sword":1,"minecraft:rotten_flesh":4,"biomeswevegone:skyris_vine":43,"promenade:asphalt":3,"minecraft:rail":1,"minecraft:stick":1,"minecraft:diorite":1,"minecraft:magenta_dye":3,"minecraft:stone_pickaxe":1,"minecraft:wooden_pickaxe":1,"minecraft:white_wool":1},"minecraft:crafted":{"minecraft:cooked_beef":9,"minecraft:magenta_wool":3,"minecraft:magenta_bed":1,"minecraft:crafting_table":1,"regions_unexplored:maple_planks":36,"minecraft:wooden_pickaxe":1,"minecraft:iron_helmet":1,"minecraft:iron_sword":1,"minecraft:furnace":1,"minecraft:stone_axe":1,"minecraft:raw_copper_block":55,"minecraft:cooked_mutton":4,"minecraft:air":0,"minecraft:iron_boots":1,"minecraft:iron_chestplate":1,"minecraft:shield":1,"minecraft:iron_axe":1,"minecraft:stick":12,"minecraft:iron_ingot":31,"minecraft:iron_pickaxe":1,"minecraft:stone_pickaxe":2,"minecraft:stone_sword":1,"minecraft:iron_leggings":1,"onlyhammers:stone_hammer":1,"minecraft:torch":48,"minecraft:magenta_dye":6,"minecraft:shears":1},"minecraft:custom":{"minecraft:interact_with_furnace":19,"minecraft:mob_kills":19,"minecraft:interact_with_crafting_table":20,"minecraft:time_since_death":42858,"minecraft:sleep_in_bed":1,"minecraft:time_since_rest":34345,"minecraft:sprint_one_cm":99583,"minecraft:damage_taken":151,"minecraft:walk_one_cm":78217,"minecraft:drop":24,"minecraft:damage_dealt":2730,"minecraft:swim_one_cm":185,"minecraft:fly_one_cm":29190,"minecraft:open_chest":1,"minecraft:crouch_one_cm":3256,"minecraft:play_time":42858,"minecraft:sneak_time":1086,"minecraft:walk_under_water_one_cm":341,"minecraft:jump":263,"minecraft:walk_on_water_one_cm":1724,"minecraft:total_world_time":42858,"minecraft:fall_one_cm":6846},"minecraft:killed":{"minecraft:creeper":3,"minecraft:sheep":4,"minecraft:zombie":8,"minecraft:cow":4},"minecraft:mined":{"universal_ores:diorite_iron_ore":6,"universal_ores:andesite_iron_ore":3,"regions_unexplored:maple_log":28,"minecraft:crafting_table":9,"regions_unexplored:stripped_maple_log":1,"minecraft:cobblestone":2,"minecraft:copper_ore":180,"regions_unexplored:maple_leaves":6,"minecraft:spruce_leaves":6,"minecraft:lapis_ore":13,"minecraft:diorite":3,"biomeswevegone:flowering_skyris_leaves":3,"biomeswevegone:skyris_log":20,"indrev:tin_ore":18,"minecraft:furnace":3,"universal_ores:andesite_coal_ore":4,"minecraft:iron_ore":40,"universal_ores:diorite_coal_ore":4,"mythicmetals:manganese_ore":20,"minecraft:magenta_bed":2,"minecraft:lilac":4,"minecraft:spruce_log":19,"minecraft:grass":8,"minecraft:coal_ore":71,"minecraft:rail":2,"biomeswevegone:skyris_leaves":9,"minecraft:cobweb":12,"regions_unexplored:medium_grass":1,"promenade:asphalt":3,"minecraft:stone":80,"universal_ores:andesite_copper_ore":2,"biomeswevegone:green_apple_skyris_leaves":1}},"DataVersion":3465}