{"stats":{"minecraft:picked_up":{"minecraft:crafting_table":5,"minecraft:lilac":3,"minecraft:leather":1,"minecraft:magenta_bed":2,"minecraft:gunpowder":3,"minecraft:lapis_lazuli":5,"indrev:raw_tin":16,"biomeswevegone:skyris_vine":45,"minecraft:raw_copper":398,"minecraft:apple":1,"minecraft:wheat_seeds":3,"biomeswevegone:skyris_sapling":6,"minecraft:beef":9,"minecraft:light_gray_wool":1,"minecraft:furnace":2,"minecraft:stick":15,"minecraft:raw_iron":14,"minecraft:spruce_sapling":4,"minecraft:diorite":1,"biomeswevegone:skyris_log":20,"minecraft:spruce_log":19,"regions_unexplored:maple_log":28,"regions_unexplored:stripped_maple_log":1,"minecraft:coal":62,"minecraft:mutton":6,"minecraft:white_wool":3,"minecraft:cobblestone":57},"minecraft:used":{"minecraft:cooked_mutton":3,"minecraft:diorite":1,"minecraft:stone_sword":24,"minecraft:stone_pickaxe":131,"minecraft:wooden_pickaxe":3,"minecraft:torch":11,"minecraft:crafting_table":6,"minecraft:magenta_bed":2,"minecraft:apple":1,"minecraft:iron_pickaxe":135,"minecraft:stone_axe":77,"minecraft:furnace":2,"biomeswevegone:skyris_vine":2,"regions_unexplored:maple_log":5,"biomeswevegone:skyris_log":4},"minecraft:broken":{"minecraft:stone_pickaxe":1},"minecraft:dropped":{"minecraft:wheat_seeds":3,"minecraft:iron_nugget":6,"biomeswevegone:skyris_vine":43,"minecraft:magenta_dye":3,"minecraft:wooden_pickaxe":1},"minecraft:crafted":{"minecraft:cooked_beef":9,"minecraft:magenta_wool":3,"minecraft:magenta_bed":1,"minecraft:crafting_table":1,"regions_unexplored:maple_planks":36,"minecraft:wooden_pickaxe":1,"minecraft:furnace":1,"minecraft:stone_axe":1,"minecraft:raw_copper_block":37,"minecraft:cooked_mutton":4,"minecraft:air":0,"minecraft:iron_boots":1,"minecraft:iron_chestplate":1,"minecraft:shield":1,"minecraft:stick":8,"minecraft:iron_ingot":16,"minecraft:iron_pickaxe":1,"minecraft:stone_pickaxe":1,"minecraft:stone_sword":1,"minecraft:torch":48,"minecraft:magenta_dye":6},"minecraft:custom":{"minecraft:interact_with_furnace":13,"minecraft:mob_kills":11,"minecraft:interact_with_crafting_table":12,"minecraft:time_since_death":30858,"minecraft:sleep_in_bed":1,"minecraft:time_since_rest":22345,"minecraft:sprint_one_cm":74240,"minecraft:damage_taken":100,"minecraft:walk_one_cm":51020,"minecraft:drop":15,"minecraft:damage_dealt":1290,"minecraft:swim_one_cm":185,"minecraft:fly_one_cm":26328,"minecraft:open_chest":1,"minecraft:crouch_one_cm":1318,"minecraft:play_time":30858,"minecraft:sneak_time":646,"minecraft:walk_under_water_one_cm":341,"minecraft:jump":230,"minecraft:walk_on_water_one_cm":1724,"minecraft:total_world_time":30858,"minecraft:fall_one_cm":6846},"minecraft:killed":{"minecraft:creeper":3,"minecraft:sheep":4,"minecraft:cow":4},"minecraft:mined":{"universal_ores:andesite_iron_ore":3,"regions_unexplored:maple_log":28,"minecraft:crafting_table":5,"regions_unexplored:stripped_maple_log":1,"minecraft:copper_ore":114,"regions_unexplored:maple_leaves":6,"minecraft:spruce_leaves":6,"minecraft:lapis_ore":1,"minecraft:diorite":1,"biomeswevegone:flowering_skyris_leaves":3,"biomeswevegone:skyris_log":20,"indrev:tin_ore":16,"minecraft:furnace":2,"universal_ores:andesite_coal_ore":4,"minecraft:iron_ore":11,"minecraft:magenta_bed":2,"minecraft:lilac":4,"minecraft:spruce_log":19,"minecraft:grass":8,"minecraft:coal_ore":58,"biomeswevegone:skyris_leaves":9,"regions_unexplored:medium_grass":1,"minecraft:stone":57,"universal_ores:andesite_copper_ore":2,"biomeswevegone:green_apple_skyris_leaves":1}},"DataVersion":3465}