{"stats":{"minecraft:picked_up":{"minecraft:crafting_table":1,"minecraft:stick":8,"minecraft:apple":1,"regions_unexplored:maple_log":17,"minecraft:mutton":1,"minecraft:white_wool":1,"minecraft:coal":21,"minecraft:cobblestone":38},"minecraft:used":{"minecraft:stone_axe":10,"minecraft:stone_sword":2,"minecraft:crafting_table":1,"minecraft:stone_pickaxe":56,"minecraft:wooden_pickaxe":3},"minecraft:dropped":{"minecraft:wooden_pickaxe":1},"minecraft:crafted":{"minecraft:stone_sword":1,"minecraft:stone_axe":1,"minecraft:crafting_table":1,"minecraft:stick":4,"regions_unexplored:maple_planks":32,"minecraft:wooden_pickaxe":1,"minecraft:stone_pickaxe":1},"minecraft:custom":{"minecraft:time_since_rest":6858,"minecraft:crouch_one_cm":115,"minecraft:play_time":6858,"minecraft:sprint_one_cm":9748,"minecraft:damage_taken":10,"minecraft:walk_one_cm":8252,"minecraft:sneak_time":42,"minecraft:mob_kills":1,"minecraft:drop":1,"minecraft:jump":33,"minecraft:damage_dealt":80,"minecraft:time_since_death":6858,"minecraft:total_world_time":6858,"minecraft:interact_with_crafting_table":3,"minecraft:fall_one_cm":604,"minecraft:fly_one_cm":2406},"minecraft:mined":{"minecraft:coal_ore":21,"regions_unexplored:maple_log":17,"regions_unexplored:maple_leaves":6,"minecraft:stone":38,"minecraft:crafting_table":1},"minecraft:killed":{"minecraft:sheep":1}},"DataVersion":3465}