{"stats":{"minecraft:dropped":{"minecraft:wheat_seeds":3,"biomeswevegone:skyris_vine":43,"minecraft:rail":2,"minecraft:stick":1,"minecraft:diorite":1,"minecraft:string":3,"minecraft:white_wool":1,"minecraft:bone":2,"minecraft:stone_axe":1,"minecraft:iron_nugget":6,"minecraft:stone_sword":1,"minecraft:tuff":5,"minecraft:rotten_flesh":5,"blockus:limestone":2,"promenade:asphalt":3,"regions_unexplored:hanging_prismarite":3,"minecraft:magenta_dye":3,"minecraft:stone_pickaxe":1,"minecraft:wooden_pickaxe":1},"minecraft:picked_up":{"blockus:limestone":3,"minecraft:crafting_table":14,"things:gleaming_powder":4,"regions_unexplored:maple_boat":1,"biomeswevegone:skyris_vine":45,"minecraft:string":10,"minecraft:raw_copper":1030,"blockus:marble":1,"morevillagers:gardening_table":1,"mythicmetals:raw_adamantite":3,"biomeswevegone:skyris_sapling":6,"minecraft:cobbled_deepslate":32,"indrev:raw_silver":26,"minecraft:beef":15,"minecraft:light_gray_wool":1,"mythicmetals:raw_mythril":22,"minecraft:furnace":5,"mythicmetals:raw_orichalcum":7,"minecraft:raw_iron":97,"minecraft:stick":15,"promenade:asphalt":3,"minecraft:torch":1,"minecraft:diorite":3,"biomeswevegone:skyris_log":20,"mythicmetals:morkite":2,"minecraft:redstone":67,"indrev:raw_lead":5,"minecraft:rotten_flesh":5,"mythicmetals:raw_manganese":59,"supplementaries:antique_ink":2,"minecraft:mutton":6,"minecraft:rail":2,"minecraft:white_wool":3,"minecraft:cobblestone":115,"minecraft:lilac":3,"regions_unexplored:hanging_prismarite":3,"minecraft:leather":3,"minecraft:tuff":5,"indrev:raw_tungsten":9,"minecraft:magenta_bed":4,"minecraft:gunpowder":6,"indrev:raw_tin":89,"minecraft:lapis_lazuli":74,"minecraft:bone":2,"morevillagers:oceanography_table":1,"minecraft:apple":1,"minecraft:wheat_seeds":3,"minecraft:raw_gold":29,"minecraft:iron_ingot":1,"minecraft:cobweb":4,"promenade:blueberries":3,"mythicmetals:raw_silver":15,"minecraft:gravel":1,"minecraft:amethyst_shard":20,"mythicmetals:raw_quadrillum":7,"minecraft:spruce_sapling":4,"minecraft:spruce_log":19,"minecraft:diamond":5,"regions_unexplored:maple_log":28,"indrev:nikolite_dust":185,"regions_unexplored:stripped_maple_log":1,"minecraft:coal":162},"minecraft:broken":{"minecraft:stone_pickaxe":1,"minecraft:iron_pickaxe":2},"minecraft:killed":{"graveyard:skeleton_creeper":1,"minecraft:spider":3,"minecraft:skeleton":2,"minecraft:creeper":6,"minecraft:sheep":4,"minecraft:zombie":13,"minecraft:cow":7},"minecraft:mined":{"minecraft:tuff":5,"indrev:silver_ore":2,"minecraft:deepslate_diamond_ore":5,"universal_ores:andesite_iron_ore":3,"regions_unexplored:maple_log":28,"indrev:deepslate_tungsten_ore":9,"mythicmetals:deepslate_morkite_ore":1,"universal_ores:tuff_gold_ore":7,"minecraft:grass_block":1,"morevillagers:gardening_table":1,"mythicmetals:silver_ore":11,"mythicmetals:deepslate_adamantite_ore":3,"regions_unexplored:maple_leaves":6,"indrev:deepslate_lead_ore":3,"minecraft:spruce_leaves":6,"biomeswevegone:skyris_log":20,"universal_ores:diorite_copper_ore":3,"mythicmetals:deepslate_orichalcum_ore":7,"indrev:deepslate_tin_ore":69,"minecraft:redstone_ore":1,"mythicmetals:quadrillum_ore":5,"minecraft:furnace":5,"universal_ores:andesite_coal_ore":4,"minecraft:iron_ore":64,"mythicmetals:deepslate_mythril_ore":22,"regions_unexplored:larch_leaves":2,"indrev:deepslate_nikolite_ore":39,"regions_unexplored:pine_leaves":1,"minecraft:rail":2,"minecraft:deepslate_iron_ore":12,"regions_unexplored:medium_grass":1,"minecraft:stone":105,"universal_ores:andesite_copper_ore":2,"universal_ores:diorite_iron_ore":6,"minecraft:deepslate_redstone_ore":14,"biomeswevegone:allium_petal_block":1,"minecraft:amethyst_cluster":5,"universal_ores:granite_iron_ore":2,"regions_unexplored:stripped_maple_log":1,"minecraft:crafting_table":14,"things:deepslate_gleaming_ore":4,"indrev:nikolite_ore":4,"morevillagers:oceanography_table":1,"minecraft:copper_ore":297,"minecraft:cobblestone":11,"blockus:marble":1,"minecraft:deepslate_gold_ore":20,"minecraft:lapis_ore":13,"indrev:deepslate_silver_ore":25,"biomeswevegone:flowering_skyris_leaves":3,"minecraft:diorite":3,"indrev:tin_ore":20,"supplementaries:urn":13,"universal_ores:diorite_coal_ore":4,"mythicmetals:manganese_ore":38,"minecraft:magenta_bed":4,"minecraft:lilac":4,"minecraft:spruce_log":19,"minecraft:tnt":1,"indrev:lead_ore":2,"minecraft:grass":9,"minecraft:coal_ore":92,"minecraft:gravel":1,"biomeswevegone:skyris_leaves":9,"minecraft:cobweb":12,"blockus:limestone":2,"promenade:asphalt":3,"minecraft:gold_ore":2,"minecraft:deepslate":34,"biomeswevegone:green_apple_skyris_leaves":1,"blockus:bluestone":2},"minecraft:custom":{"minecraft:mob_kills":36,"minecraft:interact_with_crafting_table":32,"minecraft:open_barrel":3,"minecraft:leave_game":2,"minecraft:time_since_death":108214,"minecraft:climb_one_cm":262,"minecraft:sprint_one_cm":310364,"minecraft:walk_one_cm":220396,"minecraft:damage_blocked_by_shield":60,"minecraft:drop":34,"minecraft:talked_to_villager":1,"minecraft:play_time":108214,"minecraft:sneak_time":4029,"minecraft:walk_under_water_one_cm":11818,"minecraft:boat_one_cm":71628,"minecraft:jump":1312,"minecraft:walk_on_water_one_cm":8025,"minecraft:total_world_time":108214,"minecraft:interact_with_furnace":26,"minecraft:sleep_in_bed":3,"minecraft:time_since_rest":6505,"minecraft:damage_taken":819,"minecraft:trigger_trapped_chest":1,"minecraft:damage_dealt":5399,"minecraft:swim_one_cm":16508,"minecraft:fly_one_cm":141239,"minecraft:open_chest":5,"minecraft:crouch_one_cm":11727,"minecraft:fall_one_cm":28359},"minecraft:used":{"minecraft:stone_sword":32,"minecraft:shield":1,"minecraft:iron_sword":59,"minecraft:torch":96,"minecraft:iron_axe":15,"minecraft:furnace":5,"biomeswevegone:skyris_vine":2,"minecraft:cooked_beef":9,"biomeswevegone:skyris_log":4,"minecraft:cooked_mutton":6,"minecraft:water_bucket":16,"minecraft:diorite":2,"minecraft:stone_pickaxe":238,"minecraft:wooden_pickaxe":3,"minecraft:crafting_table":14,"minecraft:magenta_bed":4,"minecraft:shears":4,"onlyhammers:stone_hammer":4,"minecraft:diamond_pickaxe":104,"minecraft:apple":1,"minecraft:iron_pickaxe":647,"minecraft:gravel":1,"minecraft:stone_axe":80,"minecraft:cobblestone":45,"minecraft:bucket":17,"blockus:marble":1,"regions_unexplored:maple_log":5,"regions_unexplored:maple_boat":1},"minecraft:crafted":{"minecraft:magenta_wool":3,"regions_unexplored:maple_planks":36,"minecraft:furnace":1,"minecraft:stone":4,"minecraft:cracked_stone_bricks":4,"minecraft:raw_copper_block":114,"minecraft:cooked_mutton":6,"minecraft:iron_boots":1,"explorerscompass:explorerscompass":1,"minecraft:iron_axe":1,"minecraft:stone_pickaxe":2,"minecraft:magenta_dye":6,"minecraft:stone_bricks":4,"minecraft:cooked_beef":9,"minecraft:magenta_bed":1,"minecraft:crafting_table":1,"minecraft:wooden_pickaxe":1,"minecraft:iron_helmet":1,"minecraft:iron_sword":1,"minecraft:bucket":1,"regions_unexplored:maple_boat":1,"minecraft:stone_axe":1,"minecraft:air":0,"minecraft:iron_chestplate":1,"minecraft:diamond_pickaxe":1,"minecraft:shield":1,"naturescompass:naturescompass":1,"minecraft:stick":24,"minecraft:compass":2,"minecraft:iron_ingot":31,"minecraft:iron_pickaxe":2,"minecraft:stone_sword":1,"minecraft:iron_leggings":1,"minecraft:torch":84,"onlyhammers:stone_hammer":1,"minecraft:shears":1}},"DataVersion":3465}