{"stats":{"minecraft:picked_up":{"minecraft:stick":15,"minecraft:crafting_table":4,"minecraft:lilac":3,"minecraft:leather":1,"minecraft:spruce_sapling":4,"minecraft:spruce_log":19,"minecraft:magenta_bed":2,"biomeswevegone:skyris_log":20,"biomeswevegone:skyris_vine":45,"minecraft:apple":1,"biomeswevegone:skyris_sapling":6,"minecraft:wheat_seeds":3,"minecraft:beef":9,"regions_unexplored:maple_log":25,"minecraft:light_gray_wool":1,"regions_unexplored:stripped_maple_log":1,"minecraft:mutton":6,"minecraft:coal":21,"minecraft:white_wool":3,"minecraft:cobblestone":38,"minecraft:furnace":1},"minecraft:used":{"minecraft:cooked_mutton":2,"minecraft:apple":1,"minecraft:stone_sword":16,"minecraft:stone_pickaxe":57,"minecraft:wooden_pickaxe":3,"minecraft:stone_axe":73,"minecraft:crafting_table":4,"minecraft:furnace":1,"minecraft:magenta_bed":2,"regions_unexplored:maple_log":2,"biomeswevegone:skyris_vine":2,"biomeswevegone:skyris_log":4},"minecraft:dropped":{"minecraft:wheat_seeds":3,"minecraft:iron_nugget":6,"biomeswevegone:skyris_vine":43,"minecraft:magenta_dye":3,"minecraft:wooden_pickaxe":1},"minecraft:crafted":{"minecraft:cooked_beef":9,"minecraft:magenta_wool":3,"minecraft:magenta_bed":1,"minecraft:crafting_table":1,"minecraft:stick":4,"minecraft:iron_ingot":2,"regions_unexplored:maple_planks":36,"minecraft:wooden_pickaxe":1,"minecraft:stone_pickaxe":1,"minecraft:stone_sword":1,"minecraft:furnace":1,"minecraft:magenta_dye":6,"minecraft:stone_axe":1,"minecraft:air":0,"minecraft:cooked_mutton":4},"minecraft:custom":{"minecraft:time_since_rest":10345,"minecraft:interact_with_furnace":8,"minecraft:sprint_one_cm":45419,"minecraft:damage_taken":50,"minecraft:walk_one_cm":28385,"minecraft:mob_kills":8,"minecraft:drop":15,"minecraft:damage_dealt":720,"minecraft:interact_with_crafting_table":6,"minecraft:fly_one_cm":20613,"minecraft:open_chest":1,"minecraft:crouch_one_cm":289,"minecraft:play_time":18858,"minecraft:sneak_time":124,"minecraft:jump":166,"minecraft:time_since_death":18858,"minecraft:sleep_in_bed":1,"minecraft:total_world_time":18858,"minecraft:fall_one_cm":3656},"minecraft:mined":{"minecraft:furnace":1,"regions_unexplored:maple_log":25,"minecraft:magenta_bed":2,"minecraft:lilac":4,"minecraft:spruce_log":19,"regions_unexplored:stripped_maple_log":1,"minecraft:crafting_table":4,"minecraft:grass":8,"minecraft:coal_ore":21,"biomeswevegone:skyris_leaves":9,"regions_unexplored:medium_grass":1,"regions_unexplored:maple_leaves":6,"minecraft:spruce_leaves":6,"minecraft:stone":38,"biomeswevegone:flowering_skyris_leaves":3,"biomeswevegone:skyris_log":20,"biomeswevegone:green_apple_skyris_leaves":1},"minecraft:killed":{"minecraft:sheep":4,"minecraft:cow":4}},"DataVersion":3465}