{"stats":{"minecraft:killed_by":{"minecraft:creeper":1},"minecraft:killed":{"minecraft:pig":13,"minecraft:creeper":1,"minecraft:sheep":14,"minecraft:zombie":1,"minecraft:cow":21},"minecraft:mined":{"minecraft:white_bed":1,"biomeswevegone:mahogany_crafting_table":1,"universal_ores:andesite_iron_ore":7,"biomeswevegone:mahogany_log":12,"biomeswevegone:leaf_pile":1,"croptopia:sweetpotato_crop":1,"biomeswevegone:redwood_crafting_table":4,"minecraft:glow_lichen":1,"minecraft:cobblestone":6,"minecraft:spruce_leaves":3,"minecraft:sugar_cane":5,"regions_unexplored:prismarite_cluster":1,"biomeswevegone:redwood_log":5,"biomeswevegone:magenta_amaranth":1,"minecraft:furnace":1,"minecraft:iron_ore":20,"minecraft:andesite":1,"croptopia:chile_pepper_crop":1,"minecraft:grass":14,"minecraft:coal_ore":15,"minecraft:vine":4,"minecraft:bamboo":2,"minecraft:stone":29,"regions_unexplored:redwood_log":1,"regions_unexplored:windswept_grass":2,"minecraft:gold_ore":5,"biomeswevegone:redwood_leaves":1},"minecraft:dropped":{"minecraft:wheat_seeds":1,"minecraft:rotten_flesh":6,"croptopia:chile_pepper":1,"croptopia:sweetpotato":1,"croptopia:chile_pepper_seed":1,"croptopia:sweetpotato_seed":1,"minecraft:wooden_pickaxe":1,"biomeswevegone:magenta_amaranth":1},"minecraft:used":{"minecraft:stone_sword":27,"minecraft:stone_pickaxe":78,"minecraft:wooden_pickaxe":5,"biomeswevegone:redwood_crafting_table":4,"minecraft:torch":8,"regions_unexplored:redwood_planks":4,"regions_unexplored:prismarite_cluster":1,"minecraft:white_bed":1,"minecraft:iron_pickaxe":5,"minecraft:stone_axe":85,"minecraft:cobblestone":9,"biomeswevegone:leaf_pile":1,"minecraft:furnace":2,"minecraft:bucket":1,"minecraft:andesite":1,"biomeswevegone:mahogany_crafting_table":1,"minecraft:cooked_beef":9},"minecraft:custom":{"minecraft:interact_with_furnace":15,"minecraft:mob_kills":50,"minecraft:interact_with_crafting_table":17,"minecraft:time_since_death":7475,"minecraft:sleep_in_bed":1,"minecraft:climb_one_cm":738,"minecraft:time_since_rest":7499,"minecraft:sprint_one_cm":144206,"minecraft:damage_taken":1393,"minecraft:walk_one_cm":57680,"minecraft:drop":10,"minecraft:damage_dealt":4925,"minecraft:swim_one_cm":3569,"minecraft:fly_one_cm":362756,"minecraft:crouch_one_cm":2617,"minecraft:play_time":41929,"minecraft:deaths":2,"minecraft:sneak_time":1773,"minecraft:walk_under_water_one_cm":347,"minecraft:jump":1079,"minecraft:walk_on_water_one_cm":2298,"minecraft:total_world_time":41929,"minecraft:fall_one_cm":31527,"minecraft:horse_one_cm":45},"minecraft:crafted":{"minecraft:cooked_beef":33,"minecraft:wooden_pickaxe":1,"minecraft:iron_helmet":1,"minecraft:furnace":1,"biomeswevegone:redwood_planks":20,"biomeswevegone:mahogany_planks":8,"minecraft:bucket":1,"minecraft:stone_axe":2,"biomeswevegone:mahogany_crafting_table":1,"minecraft:air":0,"regions_unexplored:redwood_planks":4,"minecraft:iron_boots":1,"minecraft:iron_chestplate":1,"minecraft:shield":1,"minecraft:stick":16,"minecraft:iron_pickaxe":1,"minecraft:iron_ingot":27,"minecraft:stone_pickaxe":1,"minecraft:stone_sword":1,"minecraft:white_bed":1,"minecraft:torch":20,"biomeswevegone:redwood_crafting_table":1},"minecraft:broken":{"minecraft:stone_axe":1},"minecraft:picked_up":{"minecraft:iron_chestplate":1,"minecraft:feather":1,"minecraft:cooked_beef":15,"biomeswevegone:magenta_amaranth":1,"minecraft:water_bucket":1,"biomeswevegone:leaf_pile":1,"minecraft:andesite":1,"minecraft:leather":42,"croptopia:sweetpotato_seed":1,"backpacked:backpack":1,"minecraft:shield":1,"regions_unexplored:prismarite_cluster":1,"croptopia:sweetpotato":1,"minecraft:wheat_seeds":1,"minecraft:raw_gold":10,"minecraft:iron_ingot":3,"minecraft:beef":41,"minecraft:stone_pickaxe":1,"minecraft:iron_pickaxe":1,"minecraft:bamboo":42,"minecraft:sugar_cane":24,"minecraft:iron_boots":1,"regions_unexplored:redwood_log":1,"minecraft:furnace":1,"croptopia:chile_pepper_seed":1,"minecraft:raw_iron":27,"biomeswevegone:mahogany_log":22,"minecraft:torch":16,"minecraft:porkchop":58,"biomeswevegone:mahogany_crafting_table":2,"minecraft:white_bed":2,"croptopia:chile_pepper":1,"minecraft:stone_sword":1,"minecraft:rotten_flesh":6,"minecraft:stone_axe":1,"minecraft:iron_helmet":1,"biomeswevegone:redwood_crafting_table":5,"biomeswevegone:redwood_log":5,"minecraft:mutton":42,"minecraft:coal":15,"minecraft:white_wool":25,"minecraft:cobblestone":43}},"DataVersion":3465}