{
  "minecraft:recipes/combat/leather_helmet": {
    "criteria": {
      "has_leather": "2024-07-30 17:00:54 +0000"
    },
    "done": true
  },
  "croptopia:recipes/beef_jerky": {
    "criteria": {
      "has_beef": "2024-07-30 17:00:46 +0000"
    },
    "done": true
  },
  "minecraft:recipes/decorations/ladder": {
    "criteria": {
      "has_stick": "2024-07-30 16:54:34 +0000"
    },
    "done": true
  },
  "betternether:recipes/decorations/wart_ladder": {
    "criteria": {
      "has_stick": "2024-07-30 16:54:34 +0000"
    },
    "done": true
  },
  "regions_unexplored:recipes/transportation/maple_boat": {
    "criteria": {
      "in_water": "2024-07-30 17:09:28 +0000"
    },
    "done": true
  },
  "betterend:recipes/decorations/lacugrove_bar_stool": {
    "criteria": {
      "has_stick": "2024-07-30 16:54:34 +0000"
    },
    "done": true
  },
  "croptopia:recipes/misc/apple_juice": {
    "criteria": {
      "has_apple": "2024-07-30 16:54:34 +0000"
    },
    "done": true
  },
  "croptopia:recipes/pork_jerky": {
    "criteria": {
      "has_the_recipe": "2024-07-30 17:00:46 +0000"
    },
    "done": true
  },
  "betterend:recipes/decorations/lucernia_chair": {
    "criteria": {
      "has_stick": "2024-07-30 16:54:34 +0000"
    },
    "done": true
  },
  "blockus:recipes/building_blocks/diorite_bricks_from_diorite_stonecutting": {
    "criteria": {
      "has_diorite": "2024-07-30 17:13:58 +0000"
    },
    "done": true
  },
  "blockus:recipes/building_blocks/obsidian_circular_paving_from_obsidian_stonecutting": {
    "criteria": {
      "has_obsidian": "2024-07-30 17:00:20 +0000"
    },
    "done": true
  },
  "betternether:recipes/decorations/quartz_glass_framed_pane_magenta": {
    "criteria": {
      "has_magenta_dye": "2024-07-30 16:59:35 +0000"
    },
    "done": true
  },
  "betternether:recipes/decorations/warped_chair": {
    "criteria": {
      "has_stick": "2024-07-30 16:54:34 +0000"
    },
    "done": true
  },
  "betterend:recipes/decorations/lacugrove_taburet": {
    "criteria": {
      "has_stick": "2024-07-30 16:54:34 +0000"
    },
    "done": true
  },
  "betterend:recipes/decorations/helix_tree_sign": {
    "criteria": {
      "has_stick": "2024-07-30 16:54:34 +0000"
    },
    "done": true
  },
  "betterend:recipes/decorations/jellyshroom_chair": {
    "criteria": {
      "has_stick": "2024-07-30 16:54:34 +0000"
    },
    "done": true
  },
  "betterend:recipes/decorations/end_lotus_ladder": {
    "criteria": {
      "has_stick": "2024-07-30 16:54:34 +0000"
    },
    "done": true
  },
  "minecraft:recipes/building_blocks/polished_diorite": {
    "criteria": {
      "has_diorite": "2024-07-30 17:13:58 +0000"
    },
    "done": true
  },
  "minecraft:recipes/building_blocks/raw_iron_block": {
    "criteria": {
      "has_raw_iron": "2024-07-30 17:09:44 +0000"
    },
    "done": true
  },
  "blockus:recipes/building_blocks/love_block": {
    "criteria": {
      "has_magenta_dye": "2024-07-30 16:59:35 +0000"
    },
    "done": true
  },
  "supplementaries:recipes/flags/flag_magenta": {
    "criteria": {
      "has_stick": "2024-07-30 16:54:34 +0000"
    },
    "done": true
  },
  "betternether:recipes/decorations/rubeus_taburet": {
    "criteria": {
      "has_stick": "2024-07-30 16:54:34 +0000"
    },
    "done": true
  },
  "betternether:recipes/decorations/crimson_chair": {
    "criteria": {
      "has_stick": "2024-07-30 16:54:34 +0000"
    },
    "done": true
  },
  "minecraft:recipes/combat/iron_helmet": {
    "criteria": {
      "has_iron_ingot": "2024-07-30 17:08:24 +0000"
    },
    "done": true
  },
  "minecraft:recipes/building_blocks/dye_magenta_carpet": {
    "criteria": {
      "has_needed_dye": "2024-07-30 16:59:35 +0000"
    },
    "done": true
  },
  "backpacked:recipes/decorations/cherry_backpack_shelf": {
    "criteria": {
      "has_stick": "2024-07-30 16:54:34 +0000"
    },
    "done": true
  },
  "betterend:recipes/decorations/tenanea_taburet": {
    "criteria": {
      "has_stick": "2024-07-30 16:54:34 +0000"
    },
    "done": true
  },
  "minecraft:recipes/tools/wooden_axe": {
    "criteria": {
      "has_stick": "2024-07-30 16:54:34 +0000"
    },
    "done": true
  },
  "regions_unexplored:recipes/transportation/magnolia_boat": {
    "criteria": {
      "in_water": "2024-07-30 17:09:28 +0000"
    },
    "done": true
  },
  "backpacked:recipes/decorations/oak_backpack_shelf": {
    "criteria": {
      "has_stick": "2024-07-30 16:54:34 +0000"
    },
    "done": true
  },
  "betternether:recipes/decorations/jungle_bar_stool": {
    "criteria": {
      "has_stick": "2024-07-30 16:54:34 +0000"
    },
    "done": true
  },
  "betternether:recipes/decorations/oak_taburet": {
    "criteria": {
      "has_stick": "2024-07-30 16:54:34 +0000"
    },
    "done": true
  },
  "regions_unexplored:recipes/redstone/maple_fence_gate": {
    "criteria": {
      "has_maple_planks": "2024-07-30 16:55:03 +0000"
    },
    "done": true
  },
  "minecraft:recipes/combat/leather_chestplate": {
    "criteria": {
      "has_leather": "2024-07-30 17:00:54 +0000"
    },
    "done": true
  },
  "charm:vanilla_wood_variants/recipes/warped_ladder": {
    "criteria": {
      "has_stick": "2024-07-30 16:54:34 +0000"
    },
    "done": true
  },
  "charm:vanilla_wood_variants/recipes/jungle_ladder": {
    "criteria": {
      "has_stick": "2024-07-30 16:54:34 +0000"
    },
    "done": true
  },
  "betterend:recipes/decorations/pythadendron_fence": {
    "criteria": {
      "has_stick": "2024-07-30 16:54:34 +0000"
    },
    "done": true
  },
  "betternether:recipes/decorations/cherry_taburet": {
    "criteria": {
      "has_stick": "2024-07-30 16:54:34 +0000"
    },
    "done": true
  },
  "regions_unexplored:recipes/decorations/maple_hanging_sign": {
    "criteria": {
      "has_stripped_maple_log": "2024-07-30 16:58:59 +0000"
    },
    "done": true
  },
  "supplementaries:recipes/candle_holders/candle_holder_gray": {
    "criteria": {
      "has_iron_ingot": "2024-07-30 17:08:24 +0000"
    },
    "done": true
  },
  "regions_unexplored:recipes/building_blocks/brown_painted_planks": {
    "criteria": {
      "has_planks": "2024-07-30 16:55:03 +0000"
    },
    "done": true
  },
  "minecraft:recipes/decorations/crafting_table": {
    "criteria": {
      "unlock_right_away": "2024-07-30 16:52:52 +0000"
    },
    "done": true
  },
  "minecraft:recipes/decorations/chest": {
    "criteria": {
      "has_lots_of_items": "2024-07-30 16:56:54 +0000"
    },
    "done": true
  },
  "minecraft:recipes/misc/stick": {
    "criteria": {
      "has_planks": "2024-07-30 16:55:03 +0000"
    },
    "done": true
  },
  "betternether:recipes/decorations/bamboo_taburet": {
    "criteria": {
      "has_stick": "2024-07-30 16:54:34 +0000"
    },
    "done": true
  },
  "minecraft:adventure/sleep_in_bed": {
    "criteria": {
      "slept_in_bed": "2024-07-30 16:59:52 +0000"
    },
    "done": true
  },
  "minecraft:recipes/transportation/cherry_boat": {
    "criteria": {
      "in_water": "2024-07-30 17:09:28 +0000"
    },
    "done": true
  },
  "charm:woodcutters/recipes/woodcutter": {
    "criteria": {
      "has_planks": "2024-07-30 16:55:03 +0000"
    },
    "done": true
  },
  "betterend:recipes/decorations/lacugrove_chair": {
    "criteria": {
      "has_stick": "2024-07-30 16:54:34 +0000"
    },
    "done": true
  },
  "betternether:recipes/decorations/anchor_tree_bar_stool": {
    "criteria": {
      "has_stick": "2024-07-30 16:54:34 +0000"
    },
    "done": true
  },
  "betternether:recipes/decorations/anchor_tree_sign": {
    "criteria": {
      "has_stick": "2024-07-30 16:54:34 +0000"
    },
    "done": true
  },
  "betternether:recipes/transportation/rail": {
    "criteria": {
      "has_stick": "2024-07-30 16:54:34 +0000"
    },
    "done": true
  },
  "regions_unexplored:recipes/decorations/maple_branch_from_maple_log": {
    "criteria": {
      "has_log": "2024-07-30 16:54:18 +0000"
    },
    "done": true
  },
  "supplementaries:recipes/candle_holders/candle_holder_light_gray": {
    "criteria": {
      "has_iron_ingot": "2024-07-30 17:08:24 +0000"
    },
    "done": true
  },
  "minecraft:recipes/misc/leather_horse_armor": {
    "criteria": {
      "has_leather": "2024-07-30 17:00:54 +0000"
    },
    "done": true
  },
  "charm:core/tools": {
    "criteria": {
      "player_joined": "2024-07-30 16:52:51 +0000"
    },
    "done": true
  },
  "betternether:recipes/decorations/rubeus_chair": {
    "criteria": {
      "has_stick": "2024-07-30 16:54:34 +0000"
    },
    "done": true
  },
  "betterend:recipes/decorations/umbrella_tree_fence": {
    "criteria": {
      "has_stick": "2024-07-30 16:54:34 +0000"
    },
    "done": true
  },
  "blockus:recipes/building_blocks/small_obsidian_brick_wall_from_obsidian_stonecutting": {
    "criteria": {
      "has_obsidian": "2024-07-30 17:00:20 +0000"
    },
    "done": true
  },
  "betternether:recipes/redstone/mushroom_fir_gate": {
    "criteria": {
      "has_stick": "2024-07-30 16:54:34 +0000"
    },
    "done": true
  },
  "charm:extra_recipes/recipes/bundle": {
    "criteria": {
      "has_leather": "2024-07-30 17:00:54 +0000"
    },
    "done": true
  },
  "regions_unexplored:recipes/building_blocks/cyan_painted_planks": {
    "criteria": {
      "has_planks": "2024-07-30 16:55:03 +0000"
    },
    "done": true
  },
  "betterend:recipes/decorations/jellyshroom_sign": {
    "criteria": {
      "has_stick": "2024-07-30 16:54:34 +0000"
    },
    "done": true
  },
  "betternether:recipes/decorations/oak_bar_stool": {
    "criteria": {
      "has_stick": "2024-07-30 16:54:34 +0000"
    },
    "done": true
  },
  "betterend:recipes/redstone/tenanea_gate": {
    "criteria": {
      "has_stick": "2024-07-30 16:54:34 +0000"
    },
    "done": true
  },
  "betterend:recipes/decorations/dragon_tree_taburet": {
    "criteria": {
      "has_stick": "2024-07-30 16:54:34 +0000"
    },
    "done": true
  },
  "betternether:recipes/decorations/birch_taburet": {
    "criteria": {
      "has_stick": "2024-07-30 16:54:34 +0000"
    },
    "done": true
  },
  "biomeswevegone:recipes/transportation/rainbow_eucalyptus_boat": {
    "criteria": {
      "in_water": "2024-07-30 17:09:28 +0000"
    },
    "done": true
  },
  "minecraft:recipes/redstone/hopper": {
    "criteria": {
      "has_iron_ingot": "2024-07-30 17:08:24 +0000"
    },
    "done": true
  },
  "betternether:recipes/redstone/stalagnate_gate": {
    "criteria": {
      "has_stick": "2024-07-30 16:54:34 +0000"
    },
    "done": true
  },
  "minecraft:recipes/misc/copper_ingot_from_blasting_raw_copper": {
    "criteria": {
      "has_raw_copper": "2024-07-30 17:14:51 +0000"
    },
    "done": true
  },
  "betternether:root": {
    "criteria": {
      "welcome": "2024-07-30 16:52:52 +0000"
    },
    "done": true
  },
  "betterend:recipes/decorations/helix_tree_fence": {
    "criteria": {
      "has_stick": "2024-07-30 16:54:34 +0000"
    },
    "done": true
  },
  "minecraft:recipes/building_blocks/diorite_stairs_from_diorite_stonecutting": {
    "criteria": {
      "has_diorite": "2024-07-30 17:13:58 +0000"
    },
    "done": true
  },
  "supplementaries:recipes/candle_holders/candle_holder_orange": {
    "criteria": {
      "has_iron_ingot": "2024-07-30 17:08:24 +0000"
    },
    "done": true
  },
  "charm:kilns/recipes/kiln": {
    "criteria": {
      "has_furnace": "2024-07-30 17:02:23 +0000"
    },
    "done": true
  },
  "betternether:recipes/decorations/nether_reed_ladder": {
    "criteria": {
      "has_stick": "2024-07-30 16:54:34 +0000"
    },
    "done": true
  },
  "betterend:root": {
    "criteria": {
      "welcome": "2024-07-30 16:52:52 +0000"
    },
    "done": true
  },
  "minecraft:recipes/decorations/light_gray_bed": {
    "criteria": {
      "has_light_gray_wool": "2024-07-30 16:58:38 +0000"
    },
    "done": true
  },
  "betterend:recipes/redstone/pythadendron_gate": {
    "criteria": {
      "has_stick": "2024-07-30 16:54:34 +0000"
    },
    "done": true
  },
  "minecraft:recipes/combat/iron_boots": {
    "criteria": {
      "has_iron_ingot": "2024-07-30 17:08:24 +0000"
    },
    "done": true
  },
  "blockus:recipes/building_blocks/legacy_first_cobblestone_from_cobblestone_stonecutting": {
    "criteria": {
      "has_cobblestone": "2024-07-30 16:55:23 +0000"
    },
    "done": true
  },
  "charm:vanilla_wood_variants/recipes/dark_oak_ladder": {
    "criteria": {
      "has_stick": "2024-07-30 16:54:34 +0000"
    },
    "done": true
  },
  "croptopia:recipes/misc/frying_pan": {
    "criteria": {
      "has_iron": "2024-07-30 17:08:24 +0000"
    },
    "done": true
  },
  "betterend:recipes/decorations/helix_tree_ladder": {
    "criteria": {
      "has_stick": "2024-07-30 16:54:34 +0000"
    },
    "done": true
  },
  "betterend:recipes/decorations/lacugrove_sign": {
    "criteria": {
      "has_stick": "2024-07-30 16:54:34 +0000"
    },
    "done": true
  },
  "betterend:recipes/decorations/umbrella_tree_ladder": {
    "criteria": {
      "has_stick": "2024-07-30 16:54:34 +0000"
    },
    "done": true
  },
  "charm:vanilla_wood_variants/recipes/crimson_ladder": {
    "criteria": {
      "has_stick": "2024-07-30 16:54:34 +0000"
    },
    "done": true
  },
  "minecraft:recipes/decorations/campfire": {
    "criteria": {
      "has_stick": "2024-07-30 16:54:34 +0000"
    },
    "done": true
  },
  "blockus:recipes/building_blocks/polished_diorite_pillar_from_diorite_stonecutting": {
    "criteria": {
      "has_diorite": "2024-07-30 17:13:58 +0000"
    },
    "done": true
  },
  "supplementaries:recipes/candle_holders/candle_holder_red": {
    "criteria": {
      "has_iron_ingot": "2024-07-30 17:08:24 +0000"
    },
    "done": true
  },
  "betternether:recipes/decorations/oak_chair": {
    "criteria": {
      "has_stick": "2024-07-30 16:54:34 +0000"
    },
    "done": true
  },
  "supplementaries:recipes/bubble_blower": {
    "criteria": {
      "has_iron_nugget": "2024-07-30 17:00:21 +0000"
    },
    "done": true
  },
  "betternether:recipes/decorations/willow_ladder": {
    "criteria": {
      "has_stick": "2024-07-30 16:54:34 +0000"
    },
    "done": true
  },
  "bclib:recipes/misc/tag_bucket": {
    "criteria": {
      "has_tag_c_iron_ingots": "2024-07-30 17:08:24 +0000"
    },
    "done": true
  },
  "betterend:recipes/misc/end_stone_smelter": {
    "criteria": {
      "has_tag_c_furnaces": "2024-07-30 17:02:23 +0000"
    },
    "done": true
  },
  "betterend:recipes/decorations/end_lotus_taburet": {
    "criteria": {
      "has_stick": "2024-07-30 16:54:34 +0000"
    },
    "done": true
  },
  "blockus:recipes/building_blocks/white_gingham_wool": {
    "criteria": {
      "has_white_wool": "2024-07-30 16:58:29 +0000"
    },
    "done": true
  },
  "supplementaries:recipes/turn_table": {
    "criteria": {
      "minecraft:planks": "2024-07-30 16:55:03 +0000"
    },
    "done": true
  },
  "biomeswevegone:recipes/transportation/aspen_boat": {
    "criteria": {
      "in_water": "2024-07-30 17:09:28 +0000"
    },
    "done": true
  },
  "minecraft:recipes/building_blocks/cobblestone_slab": {
    "criteria": {
      "has_cobblestone": "2024-07-30 16:55:23 +0000"
    },
    "done": true
  },
  "betternether:recipes/decorations/nether_sakura_bar_stool": {
    "criteria": {
      "has_stick": "2024-07-30 16:54:34 +0000"
    },
    "done": true
  },
  "naturescompass:natures_compass_sapling": {
    "criteria": {
      "has_recipe": "2024-07-30 16:54:18 +0000"
    },
    "done": true
  },
  "betterend:recipes/decorations/dragon_tree_bar_stool": {
    "criteria": {
      "has_stick": "2024-07-30 16:54:34 +0000"
    },
    "done": true
  },
  "betternether:recipes/decorations/bamboo_bar_stool": {
    "criteria": {
      "has_stick": "2024-07-30 16:54:34 +0000"
    },
    "done": true
  },
  "minecraft:recipes/transportation/acacia_boat": {
    "criteria": {
      "in_water": "2024-07-30 17:09:28 +0000"
    },
    "done": true
  },
  "minecraft:recipes/redstone/iron_trapdoor": {
    "criteria": {
      "has_iron_ingot": "2024-07-30 17:08:24 +0000"
    },
    "done": true
  },
  "betternether:recipes/decorations/dark_oak_taburet": {
    "criteria": {
      "has_stick": "2024-07-30 16:54:34 +0000"
    },
    "done": true
  },
  "backpacked:recipes/decorations/crimson_backpack_shelf": {
    "criteria": {
      "has_stick": "2024-07-30 16:54:34 +0000"
    },
    "done": true
  },
  "biomeswevegone:recipes/transportation/fir_boat": {
    "criteria": {
      "in_water": "2024-07-30 17:09:28 +0000"
    },
    "done": true
  },
  "supplementaries:recipes/flags/flag_black": {
    "criteria": {
      "has_stick": "2024-07-30 16:54:34 +0000"
    },
    "done": true
  },
  "minecraft:recipes/misc/iron_ingot_from_blasting_raw_iron": {
    "criteria": {
      "has_raw_iron": "2024-07-30 17:09:44 +0000"
    },
    "done": true
  },
  "betternether:recipes/decorations/mushroom_fir_taburet": {
    "criteria": {
      "has_stick": "2024-07-30 16:54:34 +0000"
    },
    "done": true
  },
  "minecraft:recipes/combat/wooden_sword": {
    "criteria": {
      "has_stick": "2024-07-30 16:54:34 +0000"
    },
    "done": true
  },
  "croptopia:recipes/misc/knife": {
    "criteria": {
      "has_iron": "2024-07-30 17:08:24 +0000"
    },
    "done": true
  },
  "blockus:recipes/building_blocks/obsidian_brick_stairs_from_obsidian_stonecutting": {
    "criteria": {
      "has_obsidian": "2024-07-30 17:00:20 +0000"
    },
    "done": true
  },
  "biomeswevegone:recipes/transportation/redwood_boat": {
    "criteria": {
      "in_water": "2024-07-30 17:09:28 +0000"
    },
    "done": true
  },
  "betterdungeons:root": {
    "criteria": {
      "always": "2024-07-30 16:52:52 +0000"
    },
    "done": true
  },
  "regions_unexplored:recipes/building_blocks/maple_stairs": {
    "criteria": {
      "has_maple_planks": "2024-07-30 16:55:03 +0000"
    },
    "done": true
  },
  "minecraft:recipes/decorations/light_gray_carpet": {
    "criteria": {
      "has_light_gray_wool": "2024-07-30 16:58:38 +0000"
    },
    "done": true
  },
  "minecraft:recipes/combat/leather_boots": {
    "criteria": {
      "has_leather": "2024-07-30 17:00:54 +0000"
    },
    "done": true
  },
  "supplementaries:recipes/flags/flag_green": {
    "criteria": {
      "has_stick": "2024-07-30 16:54:34 +0000"
    },
    "done": true
  },
  "minecraft:recipes/decorations/cobblestone_wall_from_cobblestone_stonecutting": {
    "criteria": {
      "has_cobblestone": "2024-07-30 16:55:23 +0000"
    },
    "done": true
  },
  "charm:kilns/recipes/stone": {
    "criteria": {
      "has_cobblestone": "2024-07-30 16:55:23 +0000"
    },
    "done": true
  },
  "betternether:recipes/decorations/quartz_glass_pane_magenta": {
    "criteria": {
      "has_magenta_dye": "2024-07-30 16:59:35 +0000"
    },
    "done": true
  },
  "betternether:recipes/decorations/mushroom_fir_sign": {
    "criteria": {
      "has_stick": "2024-07-30 16:54:34 +0000"
    },
    "done": true
  },
  "biomeswevegone:recipes/transportation/cypress_boat": {
    "criteria": {
      "in_water": "2024-07-30 17:09:28 +0000"
    },
    "done": true
  },
  "minecraft:recipes/misc/firework_rocket_simple": {
    "criteria": {
      "has_gunpowder": "2024-07-30 17:10:45 +0000"
    },
    "done": true
  },
  "regions_unexplored:recipes/building_blocks/orange_painted_planks": {
    "criteria": {
      "has_planks": "2024-07-30 16:55:03 +0000"
    },
    "done": true
  },
  "minecraft:recipes/building_blocks/cobblestone_stairs": {
    "criteria": {
      "has_cobblestone": "2024-07-30 16:55:23 +0000"
    },
    "done": true
  },
  "betternether:recipes/building_blocks/obsidian_bricks_stairs_stonecutter": {
    "criteria": {
      "has_block.minecraft.obsidian": "2024-07-30 17:00:20 +0000"
    },
    "done": true
  },
  "supplementaries:recipes/candle_holders/candle_holder_magenta": {
    "criteria": {
      "has_iron_ingot": "2024-07-30 17:08:24 +0000"
    },
    "done": true
  },
  "supplementaries:recipes/flags/flag_purple": {
    "criteria": {
      "has_stick": "2024-07-30 16:54:34 +0000"
    },
    "done": true
  },
  "betterend:recipes/decorations/tenanea_sign": {
    "criteria": {
      "has_stick": "2024-07-30 16:54:34 +0000"
    },
    "done": true
  },
  "betternether:recipes/decorations/cherry_bar_stool": {
    "criteria": {
      "has_stick": "2024-07-30 16:54:34 +0000"
    },
    "done": true
  },
  "regions_unexplored:got_wood": {
    "criteria": {
      "maple_log": "2024-07-30 16:54:18 +0000"
    },
    "done": false
  },
  "blockus:recipes/building_blocks/obsidian_bricks_from_obsidian_stonecutting": {
    "criteria": {
      "has_obsidian": "2024-07-30 17:00:20 +0000"
    },
    "done": true
  },
  "minecraft:recipes/misc/iron_ingot_from_nuggets": {
    "criteria": {
      "has_iron_nugget": "2024-07-30 17:00:21 +0000"
    },
    "done": true
  },
  "blockus:recipes/building_blocks/iron_plating": {
    "criteria": {
      "has_iron_ingot": "2024-07-30 17:08:24 +0000"
    },
    "done": true
  },
  "supplementaries:recipes/flags/flag_white": {
    "criteria": {
      "has_stick": "2024-07-30 16:54:34 +0000"
    },
    "done": true
  },
  "betterend:recipes/redstone/mossy_glowshroom_gate": {
    "criteria": {
      "has_stick": "2024-07-30 16:54:34 +0000"
    },
    "done": true
  },
  "minecraft:recipes/transportation/jungle_boat": {
    "criteria": {
      "in_water": "2024-07-30 17:09:28 +0000"
    },
    "done": true
  },
  "betterend:recipes/misc/infusion_pedestal": {
    "criteria": {
      "has_obsidian": "2024-07-30 17:00:20 +0000"
    },
    "done": true
  },
  "regions_unexplored:recipes/building_blocks/red_painted_planks": {
    "criteria": {
      "has_planks": "2024-07-30 16:55:03 +0000"
    },
    "done": true
  },
  "minecraft:recipes/redstone/lever": {
    "criteria": {
      "has_cobblestone": "2024-07-30 16:55:23 +0000"
    },
    "done": true
  },
  "betterend:recipes/decorations/helix_tree_chair": {
    "criteria": {
      "has_stick": "2024-07-30 16:54:34 +0000"
    },
    "done": true
  },
  "minecraft:story/obtain_armor": {
    "criteria": {
      "iron_chestplate": "2024-07-30 17:17:40 +0000"
    },
    "done": true
  },
  "biomeswevegone:recipes/transportation/holly_boat": {
    "criteria": {
      "in_water": "2024-07-30 17:09:28 +0000"
    },
    "done": true
  },
  "betternether:recipes/decorations/mushroom_fir_chair": {
    "criteria": {
      "has_stick": "2024-07-30 16:54:34 +0000"
    },
    "done": true
  },
  "blockus:recipes/building_blocks/golden_apple_crate": {
    "criteria": {
      "has_golden_apple": "2024-07-30 17:13:37 +0000"
    },
    "done": true
  },
  "charm:azalea_wood/recipes/azalea_ladder": {
    "criteria": {
      "has_stick": "2024-07-30 16:54:34 +0000"
    },
    "done": true
  },
  "minecraft:recipes/misc/iron_nugget_from_smelting": {
    "criteria": {
      "has_iron_pickaxe": "2024-07-30 17:14:44 +0000"
    },
    "done": true
  },
  "betterend:recipes/misc/leather_wrapped_stick": {
    "criteria": {
      "has_stick": "2024-07-30 16:54:34 +0000"
    },
    "done": true
  },
  "regions_unexplored:recipes/decorations/maple_sign": {
    "criteria": {
      "has_maple_planks": "2024-07-30 16:55:03 +0000"
    },
    "done": true
  },
  "regions_unexplored:recipes/transportation/pine_boat": {
    "criteria": {
      "in_water": "2024-07-30 17:09:28 +0000"
    },
    "done": true
  },
  "betterend:recipes/decorations/dragon_tree_fence": {
    "criteria": {
      "has_stick": "2024-07-30 16:54:34 +0000"
    },
    "done": true
  },
  "minecraft:story/iron_tools": {
    "criteria": {
      "iron_pickaxe": "2024-07-30 17:14:44 +0000"
    },
    "done": true
  },
  "minecraft:recipes/combat/iron_chestplate": {
    "criteria": {
      "has_iron_ingot": "2024-07-30 17:08:24 +0000"
    },
    "done": true
  },
  "minecraft:recipes/combat/stone_sword": {
    "criteria": {
      "has_cobblestone": "2024-07-30 16:55:23 +0000"
    },
    "done": true
  },
  "minecraft:recipes/decorations/cobblestone_wall": {
    "criteria": {
      "has_cobblestone": "2024-07-30 16:55:23 +0000"
    },
    "done": true
  },
  "betternether:recipes/decorations/warped_taburet": {
    "criteria": {
      "has_stick": "2024-07-30 16:54:34 +0000"
    },
    "done": true
  },
  "betterend:recipes/misc/copy_plate_upgrade": {
    "criteria": {
      "has_iron_ingot": "2024-07-30 17:08:24 +0000"
    },
    "done": true
  },
  "minecraft:recipes/misc/gold_nugget_from_smelting": {
    "criteria": {
      "has_golden_leggings": "2024-07-30 17:00:19 +0000"
    },
    "done": true
  },
  "minecraft:recipes/tools/stone_axe": {
    "criteria": {
      "has_cobblestone": "2024-07-30 16:55:23 +0000"
    },
    "done": true
  },
  "betterend:recipes/decorations/mossy_glowshroom_sign": {
    "criteria": {
      "has_stick": "2024-07-30 16:54:34 +0000"
    },
    "done": true
  },
  "betterend:recipes/misc/iron_chandelier": {
    "criteria": {
      "has_iron_ingot": "2024-07-30 17:08:24 +0000"
    },
    "done": true
  },
  "minecraft:recipes/misc/iron_nugget": {
    "criteria": {
      "has_iron_ingot": "2024-07-30 17:08:24 +0000"
    },
    "done": true
  },
  "supplementaries:recipes/flags/flag_gray": {
    "criteria": {
      "has_stick": "2024-07-30 16:54:34 +0000"
    },
    "done": true
  },
  "promenade:recipes/crafting/maple/boat": {
    "criteria": {
      "in_water": "2024-07-30 17:09:28 +0000"
    },
    "done": true
  },
  "minecraft:recipes/misc/bucket": {
    "criteria": {
      "has_iron_ingot": "2024-07-30 17:08:24 +0000"
    },
    "done": true
  },
  "minecraft:recipes/building_blocks/diorite_slab": {
    "criteria": {
      "has_diorite": "2024-07-30 17:13:58 +0000"
    },
    "done": true
  },
  "regions_unexplored:recipes/building_blocks/green_painted_planks": {
    "criteria": {
      "has_planks": "2024-07-30 16:55:03 +0000"
    },
    "done": true
  },
  "biomeswevegone:recipes/building_blocks/skyris_planks": {
    "criteria": {
      "has_log": "2024-07-30 17:02:58 +0000"
    },
    "done": true
  },
  "supplementaries:recipes/faucet": {
    "criteria": {
      "has_iron_ingot": "2024-07-30 17:08:24 +0000"
    },
    "done": true
  },
  "betterend:recipes/decorations/tenanea_bar_stool": {
    "criteria": {
      "has_stick": "2024-07-30 16:54:34 +0000"
    },
    "done": true
  },
  "supplementaries:recipes/candle_holders/candle_holder_pink": {
    "criteria": {
      "has_iron_ingot": "2024-07-30 17:08:24 +0000"
    },
    "done": true
  },
  "betterend:recipes/misc/leather_to_stripes": {
    "criteria": {
      "has_leather": "2024-07-30 17:00:54 +0000"
    },
    "done": true
  },
  "blockus:recipes/building_blocks/wooden_frame": {
    "criteria": {
      "has_stick": "2024-07-30 16:54:34 +0000"
    },
    "done": true
  },
  "backpacked:recipes/decorations/dark_oak_backpack_shelf": {
    "criteria": {
      "has_stick": "2024-07-30 16:54:34 +0000"
    },
    "done": true
  },
  "betternether:recipes/decorations/anchor_tree_chair": {
    "criteria": {
      "has_stick": "2024-07-30 16:54:34 +0000"
    },
    "done": true
  },
  "blockus:recipes/building_blocks/diorite_circular_paving_from_diorite_stonecutting": {
    "criteria": {
      "has_diorite": "2024-07-30 17:13:58 +0000"
    },
    "done": true
  },
  "betternether:recipes/building_blocks/obsidian_tile_stairs_stonecutter": {
    "criteria": {
      "has_block.minecraft.obsidian": "2024-07-30 17:00:20 +0000"
    },
    "done": true
  },
  "blockus:recipes/building_blocks/chiseled_diorite_bricks_from_diorite_stonecutting": {
    "criteria": {
      "has_diorite": "2024-07-30 17:13:58 +0000"
    },
    "done": true
  },
  "minecraft:story/smelt_iron": {
    "criteria": {
      "iron": "2024-07-30 17:08:24 +0000"
    },
    "done": true
  },
  "blockus:recipes/building_blocks/legacy_cobblestone_from_cobblestone_stonecutting": {
    "criteria": {
      "has_cobblestone": "2024-07-30 16:55:23 +0000"
    },
    "done": true
  },
  "supplementaries:recipes/candle_holders/candle_holder_white": {
    "criteria": {
      "has_iron_ingot": "2024-07-30 17:08:24 +0000"
    },
    "done": true
  },
  "minecraft:recipes/decorations/smoker": {
    "criteria": {
      "has_furnace": "2024-07-30 17:02:23 +0000"
    },
    "done": true
  },
  "croptopia:recipes/fruit_smoothie": {
    "criteria": {
      "has_fruit": "2024-07-30 16:54:34 +0000"
    },
    "done": true
  },
  "charm:inventory_tidying/tidy_inventory": {
    "criteria": {
      "tidied_inventory": "2024-07-30 16:56:24 +0000"
    },
    "done": true
  },
  "supplementaries:recipes/bed_from_feather_block": {
    "criteria": {
      "minecraft:planks": "2024-07-30 16:55:03 +0000"
    },
    "done": true
  },
  "betterend:recipes/misc/thallasium_bulb_lantern_magenta": {
    "criteria": {
      "has_magenta_dye": "2024-07-30 16:59:35 +0000"
    },
    "done": true
  },
  "supplementaries:recipes/checker": {
    "criteria": {
      "has_cobblestone": "2024-07-30 16:55:23 +0000"
    },
    "done": true
  },
  "croptopia:recipes/cheeseburger": {
    "criteria": {
      "has_beef": "2024-07-30 17:00:46 +0000"
    },
    "done": true
  },
  "regions_unexplored:recipes/building_blocks/light_gray_painted_planks": {
    "criteria": {
      "has_planks": "2024-07-30 16:55:03 +0000"
    },
    "done": true
  },
  "betternether:recipes/decorations/anchor_tree_taburet": {
    "criteria": {
      "has_stick": "2024-07-30 16:54:34 +0000"
    },
    "done": true
  },
  "betternether:recipes/decorations/warped_ladder": {
    "criteria": {
      "has_stick": "2024-07-30 16:54:34 +0000"
    },
    "done": true
  },
  "betterend:recipes/decorations/tenanea_fence": {
    "criteria": {
      "has_stick": "2024-07-30 16:54:34 +0000"
    },
    "done": true
  },
  "regions_unexplored:recipes/transportation/socotra_boat": {
    "criteria": {
      "in_water": "2024-07-30 17:09:28 +0000"
    },
    "done": true
  },
  "betterend:recipes/decorations/lucernia_bar_stool": {
    "criteria": {
      "has_stick": "2024-07-30 16:54:34 +0000"
    },
    "done": true
  },
  "betternether:recipes/decorations/acacia_chair": {
    "criteria": {
      "has_stick": "2024-07-30 16:54:34 +0000"
    },
    "done": true
  },
  "minecraft:recipes/building_blocks/spruce_wood": {
    "criteria": {
      "has_log": "2024-07-30 17:05:26 +0000"
    },
    "done": true
  },
  "betterend:recipes/redstone/helix_tree_gate": {
    "criteria": {
      "has_stick": "2024-07-30 16:54:34 +0000"
    },
    "done": true
  },
  "betternether:recipes/decorations/spruce_taburet": {
    "criteria": {
      "has_stick": "2024-07-30 16:54:34 +0000"
    },
    "done": true
  },
  "minecraft:recipes/decorations/diorite_wall": {
    "criteria": {
      "has_diorite": "2024-07-30 17:13:58 +0000"
    },
    "done": true
  },
  "betterend:recipes/decorations/pythadendron_sign": {
    "criteria": {
      "has_stick": "2024-07-30 16:54:34 +0000"
    },
    "done": true
  },
  "betternether:recipes/decorations/wart_taburet": {
    "criteria": {
      "has_stick": "2024-07-30 16:54:34 +0000"
    },
    "done": true
  },
  "regions_unexplored:recipes/building_blocks/yellow_painted_planks": {
    "criteria": {
      "has_planks": "2024-07-30 16:55:03 +0000"
    },
    "done": true
  },
  "blockus:recipes/redstone/obsidian_pressure_plate": {
    "criteria": {
      "has_obsidian": "2024-07-30 17:00:20 +0000"
    },
    "done": true
  },
  "supplementaries:recipes/flags/flag_light_blue": {
    "criteria": {
      "has_stick": "2024-07-30 16:54:34 +0000"
    },
    "done": true
  },
  "minecraft:recipes/decorations/magenta_bed": {
    "criteria": {
      "has_magenta_wool": "2024-07-30 16:59:39 +0000"
    },
    "done": true
  },
  "betternether:recipes/decorations/bar_stool_cincinnasite": {
    "criteria": {
      "has_stick": "2024-07-30 16:54:34 +0000"
    },
    "done": true
  },
  "minecraft:recipes/transportation/spruce_boat": {
    "criteria": {
      "in_water": "2024-07-30 17:09:28 +0000"
    },
    "done": true
  },
  "regions_unexplored:recipes/building_blocks/purple_painted_planks": {
    "criteria": {
      "has_planks": "2024-07-30 16:55:03 +0000"
    },
    "done": true
  },
  "betterend:recipes/misc/copy_handle_attachment": {
    "criteria": {
      "has_stick": "2024-07-30 16:54:34 +0000"
    },
    "done": true
  },
  "betternether:recipes/decorations/willow_sign": {
    "criteria": {
      "has_stick": "2024-07-30 16:54:34 +0000"
    },
    "done": true
  },
  "regions_unexplored:recipes/transportation/dead_boat": {
    "criteria": {
      "in_water": "2024-07-30 17:09:28 +0000"
    },
    "done": true
  },
  "charm:core/decoration": {
    "criteria": {
      "player_joined": "2024-07-30 16:52:51 +0000"
    },
    "done": true
  },
  "betternether:recipes/building_blocks/obsidian_rod_tiles_stonecutting": {
    "criteria": {
      "has_block.minecraft.obsidian": "2024-07-30 17:00:20 +0000"
    },
    "done": true
  },
  "blockus:recipes/building_blocks/magenta_gingham_wool": {
    "criteria": {
      "has_magenta_wool": "2024-07-30 16:59:39 +0000"
    },
    "done": true
  },
  "betterend:recipes/redstone/end_lotus_gate": {
    "criteria": {
      "has_stick": "2024-07-30 16:54:34 +0000"
    },
    "done": true
  },
  "supplementaries:recipes/candle_holders/candle_holder_brown": {
    "criteria": {
      "has_iron_ingot": "2024-07-30 17:08:24 +0000"
    },
    "done": true
  },
  "betternether:recipes/decorations/mangrove_bar_stool": {
    "criteria": {
      "has_stick": "2024-07-30 16:54:34 +0000"
    },
    "done": true
  },
  "biomeswevegone:recipes/transportation/blue_enchanted_boat": {
    "criteria": {
      "in_water": "2024-07-30 17:09:28 +0000"
    },
    "done": true
  },
  "minecraft:recipes/combat/iron_sword": {
    "criteria": {
      "has_iron_ingot": "2024-07-30 17:08:24 +0000"
    },
    "done": true
  },
  "blockus:recipes/building_blocks/apple_crate": {
    "criteria": {
      "has_apple": "2024-07-30 16:54:34 +0000"
    },
    "done": true
  },
  "minecraft:recipes/tools/iron_pickaxe": {
    "criteria": {
      "has_iron_ingot": "2024-07-30 17:08:24 +0000"
    },
    "done": true
  },
  "betterend:recipes/misc/terminite_sword_handle": {
    "criteria": {
      "has_item.minecraft.stick": "2024-07-30 16:54:34 +0000"
    },
    "done": true
  },
  "minecraft:recipes/transportation/mangrove_boat": {
    "criteria": {
      "in_water": "2024-07-30 17:09:28 +0000"
    },
    "done": true
  },
  "supplementaries:recipes/iron_gate": {
    "criteria": {
      "has_iron_nugget": "2024-07-30 17:00:21 +0000"
    },
    "done": true
  },
  "minecraft:recipes/combat/shield": {
    "criteria": {
      "has_iron_ingot": "2024-07-30 17:08:24 +0000"
    },
    "done": true
  },
  "minecraft:recipes/decorations/iron_bars": {
    "criteria": {
      "has_iron_ingot": "2024-07-30 17:08:24 +0000"
    },
    "done": true
  },
  "supplementaries:recipes/candle_holders/candle_holder_black": {
    "criteria": {
      "has_iron_ingot": "2024-07-30 17:08:24 +0000"
    },
    "done": true
  },
  "betternether:recipes/decorations/acacia_bar_stool": {
    "criteria": {
      "has_stick": "2024-07-30 16:54:34 +0000"
    },
    "done": true
  },
  "supplementaries:recipes/decorations/regions_unexplored/sign_post_maple": {
    "criteria": {
      "has_planks": "2024-07-30 16:55:03 +0000"
    },
    "done": true
  },
  "supplementaries:recipes/notice_board": {
    "criteria": {
      "minecraft:planks": "2024-07-30 16:55:03 +0000"
    },
    "done": true
  },
  "betternether:recipes/decorations/willow_bar_stool": {
    "criteria": {
      "has_stick": "2024-07-30 16:54:34 +0000"
    },
    "done": true
  },
  "betternether:recipes/decorations/nether_reed_chair": {
    "criteria": {
      "has_stick": "2024-07-30 16:54:34 +0000"
    },
    "done": true
  },
  "charm:vanilla_wood_variants/recipes/acacia_ladder": {
    "criteria": {
      "has_stick": "2024-07-30 16:54:34 +0000"
    },
    "done": true
  },
  "minecraft:recipes/misc/iron_ingot_from_smelting_raw_iron": {
    "criteria": {
      "has_raw_iron": "2024-07-30 17:09:44 +0000"
    },
    "done": true
  },
  "betterend:recipes/decorations/end_lotus_fence": {
    "criteria": {
      "has_stick": "2024-07-30 16:54:34 +0000"
    },
    "done": true
  },
  "betternether:recipes/redstone/wart_gate": {
    "criteria": {
      "has_stick": "2024-07-30 16:54:34 +0000"
    },
    "done": true
  },
  "supplementaries:recipes/candle_holders/candle_holder_green": {
    "criteria": {
      "has_iron_ingot": "2024-07-30 17:08:24 +0000"
    },
    "done": true
  },
  "backpacked:recipes/decorations/jungle_backpack_shelf": {
    "criteria": {
      "has_stick": "2024-07-30 16:54:34 +0000"
    },
    "done": true
  },
  "minecraft:recipes/tools/flint_and_steel": {
    "criteria": {
      "has_obsidian": "2024-07-30 17:00:20 +0000"
    },
    "done": true
  },
  "minecraft:recipes/building_blocks/dye_magenta_bed": {
    "criteria": {
      "has_needed_dye": "2024-07-30 16:59:35 +0000"
    },
    "done": true
  },
  "regions_unexplored:regions_explored": {
    "criteria": {
      "maple_forest": "2024-07-30 16:52:52 +0000",
      "boreal_forest": "2024-07-30 17:00:07 +0000"
    },
    "done": false
  },
  "minecraft:recipes/decorations/diorite_wall_from_diorite_stonecutting": {
    "criteria": {
      "has_diorite": "2024-07-30 17:13:58 +0000"
    },
    "done": true
  },
  "blockus:recipes/redstone/obsidian_reinforced_trapdoor": {
    "criteria": {
      "has_obsidian": "2024-07-30 17:00:20 +0000"
    },
    "done": true
  },
  "minecraft:recipes/tools/wooden_pickaxe": {
    "criteria": {
      "has_stick": "2024-07-30 16:54:34 +0000"
    },
    "done": true
  },
  "betternether:recipes/decorations/jungle_taburet": {
    "criteria": {
      "has_stick": "2024-07-30 16:54:34 +0000"
    },
    "done": true
  },
  "betternether:recipes/decorations/stalagnate_sign": {
    "criteria": {
      "has_stick": "2024-07-30 16:54:34 +0000"
    },
    "done": true
  },
  "supplementaries:recipes/flags/flag_cyan": {
    "criteria": {
      "has_stick": "2024-07-30 16:54:34 +0000"
    },
    "done": true
  },
  "minecraft:story/upgrade_tools": {
    "criteria": {
      "stone_pickaxe": "2024-07-30 16:55:32 +0000"
    },
    "done": true
  },
  "betterend:recipes/decorations/jellyshroom_taburet": {
    "criteria": {
      "has_stick": "2024-07-30 16:54:34 +0000"
    },
    "done": true
  },
  "biomeswevegone:recipes/transportation/green_enchanted_boat": {
    "criteria": {
      "in_water": "2024-07-30 17:09:28 +0000"
    },
    "done": true
  },
  "betternether:recipes/decorations/nether_mushroom_fence": {
    "criteria": {
      "has_stick": "2024-07-30 16:54:34 +0000"
    },
    "done": true
  },
  "betternether:recipes/decorations/nether_sakura_sign": {
    "criteria": {
      "has_stick": "2024-07-30 16:54:34 +0000"
    },
    "done": true
  },
  "betternether:recipes/decorations/rubeus_bar_stool": {
    "criteria": {
      "has_stick": "2024-07-30 16:54:34 +0000"
    },
    "done": true
  },
  "regions_unexplored:recipes/transportation/baobab_boat": {
    "criteria": {
      "in_water": "2024-07-30 17:09:28 +0000"
    },
    "done": true
  },
  "betterend:recipes/decorations/jellyshroom_bar_stool": {
    "criteria": {
      "has_stick": "2024-07-30 16:54:34 +0000"
    },
    "done": true
  },
  "supplementaries:recipes/candle_holders/candle_holder": {
    "criteria": {
      "has_iron_ingot": "2024-07-30 17:08:24 +0000"
    },
    "done": true
  },
  "betterend:recipes/decorations/lucernia_taburet": {
    "criteria": {
      "has_stick": "2024-07-30 16:54:34 +0000"
    },
    "done": true
  },
  "minecraft:recipes/food/cooked_mutton_from_campfire_cooking": {
    "criteria": {
      "has_mutton": "2024-07-30 16:58:30 +0000"
    },
    "done": true
  },
  "blockus:recipes/misc/charcoal": {
    "criteria": {
      "has_the_recipe": "2024-07-30 16:54:18 +0000"
    },
    "done": true
  },
  "blockus:recipes/building_blocks/light_gray_gingham_wool": {
    "criteria": {
      "has_light_gray_wool": "2024-07-30 16:58:38 +0000"
    },
    "done": true
  },
  "betternether:recipes/decorations/nether_mushroom_ladder": {
    "criteria": {
      "has_stick": "2024-07-30 16:54:34 +0000"
    },
    "done": true
  },
  "betterend:recipes/decorations/lacugrove_fence": {
    "criteria": {
      "has_stick": "2024-07-30 16:54:34 +0000"
    },
    "done": true
  },
  "betternether:recipes/building_blocks/quartz_glass_framed_magenta": {
    "criteria": {
      "has_magenta_dye": "2024-07-30 16:59:35 +0000"
    },
    "done": true
  },
  "betterdungeons:all_dungeons": {
    "criteria": {
      "in_better_zombie_dungeon": "2024-07-30 17:13:20 +0000"
    },
    "done": false
  },
  "betternether:recipes/decorations/nether_reed_taburet": {
    "criteria": {
      "has_stick": "2024-07-30 16:54:34 +0000"
    },
    "done": true
  },
  "regions_unexplored:pioneer": {
    "criteria": {
      "maple_forest": "2024-07-30 16:52:52 +0000",
      "boreal_forest": "2024-07-30 17:00:07 +0000"
    },
    "done": false
  },
  "betterend:recipes/redstone/dragon_tree_gate": {
    "criteria": {
      "has_stick": "2024-07-30 16:54:34 +0000"
    },
    "done": true
  },
  "betternether:recipes/decorations/spruce_chair": {
    "criteria": {
      "has_stick": "2024-07-30 16:54:34 +0000"
    },
    "done": true
  },
  "minecraft:recipes/decorations/light_gray_banner": {
    "criteria": {
      "has_light_gray_wool": "2024-07-30 16:58:38 +0000"
    },
    "done": true
  },
  "supplementaries:recipes/flags/flag_red": {
    "criteria": {
      "has_stick": "2024-07-30 16:54:34 +0000"
    },
    "done": true
  },
  "minecraft:recipes/tools/iron_axe": {
    "criteria": {
      "has_iron_ingot": "2024-07-30 17:08:24 +0000"
    },
    "done": true
  },
  "artifacts:amateur_archaeologist": {
    "criteria": {
      "find_artifact": "2024-07-30 17:00:21 +0000"
    },
    "done": true
  },
  "minecraft:recipes/building_blocks/polished_diorite_from_diorite_stonecutting": {
    "criteria": {
      "has_diorite": "2024-07-30 17:13:58 +0000"
    },
    "done": true
  },
  "blockus:recipes/redstone/obsidian_reinforced_door": {
    "criteria": {
      "has_obsidian": "2024-07-30 17:00:20 +0000"
    },
    "done": true
  },
  "minecraft:adventure/kill_a_mob": {
    "criteria": {
      "minecraft:creeper": "2024-07-30 17:10:43 +0000"
    },
    "done": true
  },
  "biomeswevegone:biomeswevegone/husbandry/root": {
    "criteria": {
      "consumed_item": "2024-07-30 16:58:57 +0000"
    },
    "done": true
  },
  "betternether:recipes/building_blocks/obsidian_tile_small_stonecutter": {
    "criteria": {
      "has_block.minecraft.obsidian": "2024-07-30 17:00:20 +0000"
    },
    "done": true
  },
  "betternether:recipes/decorations/mangrove_taburet": {
    "criteria": {
      "has_stick": "2024-07-30 16:54:34 +0000"
    },
    "done": true
  },
  "minecraft:husbandry/balanced_diet": {
    "criteria": {
      "cooked_mutton": "2024-07-30 17:02:54 +0000",
      "apple": "2024-07-30 16:58:57 +0000"
    },
    "done": false
  },
  "betternether:recipes/transportation/activator_rail": {
    "criteria": {
      "has_stick": "2024-07-30 16:54:34 +0000"
    },
    "done": true
  },
  "betternether:recipes/decorations/cherry_chair": {
    "criteria": {
      "has_stick": "2024-07-30 16:54:34 +0000"
    },
    "done": true
  },
  "betternether:recipes/redstone/willow_gate": {
    "criteria": {
      "has_stick": "2024-07-30 16:54:34 +0000"
    },
    "done": true
  },
  "betterend:recipes/decorations/tenanea_ladder": {
    "criteria": {
      "has_stick": "2024-07-30 16:54:34 +0000"
    },
    "done": true
  },
  "minecraft:recipes/building_blocks/diorite_stairs": {
    "criteria": {
      "has_diorite": "2024-07-30 17:13:58 +0000"
    },
    "done": true
  },
  "betterend:recipes/decorations/mossy_glowshroom_taburet": {
    "criteria": {
      "has_stick": "2024-07-30 16:54:34 +0000"
    },
    "done": true
  },
  "betterend:recipes/decorations/mossy_glowshroom_fence": {
    "criteria": {
      "has_stick": "2024-07-30 16:54:34 +0000"
    },
    "done": true
  },
  "supplementaries:recipes/candle_holders/candle_holder_yellow": {
    "criteria": {
      "has_iron_ingot": "2024-07-30 17:08:24 +0000"
    },
    "done": true
  },
  "minecraft:recipes/redstone/iron_door": {
    "criteria": {
      "has_iron_ingot": "2024-07-30 17:08:24 +0000"
    },
    "done": true
  },
  "betterend:recipes/decorations/mossy_glowshroom_ladder": {
    "criteria": {
      "has_stick": "2024-07-30 16:54:34 +0000"
    },
    "done": true
  },
  "regions_unexplored:recipes/transportation/joshua_boat": {
    "criteria": {
      "in_water": "2024-07-30 17:09:28 +0000"
    },
    "done": true
  },
  "betternether:recipes/decorations/taburet_cincinnasite": {
    "criteria": {
      "has_stick": "2024-07-30 16:54:34 +0000"
    },
    "done": true
  },
  "minecraft:recipes/transportation/dark_oak_boat": {
    "criteria": {
      "in_water": "2024-07-30 17:09:28 +0000"
    },
    "done": true
  },
  "betternether:recipes/decorations/crimson_ladder": {
    "criteria": {
      "has_stick": "2024-07-30 16:54:34 +0000"
    },
    "done": true
  },
  "regions_unexplored:recipes/building_blocks/lime_painted_planks": {
    "criteria": {
      "has_planks": "2024-07-30 16:55:03 +0000"
    },
    "done": true
  },
  "blockus:recipes/building_blocks/obsidian_pillar_from_obsidian_stonecutting": {
    "criteria": {
      "has_obsidian": "2024-07-30 17:00:20 +0000"
    },
    "done": true
  },
  "bclib:recipes/tools/tag_compass": {
    "criteria": {
      "has_tag_c_iron_ingots": "2024-07-30 17:08:24 +0000"
    },
    "done": true
  },
  "morevillagers:root": {
    "criteria": {
      "always": "2024-07-30 16:52:52 +0000"
    },
    "done": true
  },
  "minecraft:recipes/food/cooked_mutton_from_smoking": {
    "criteria": {
      "has_mutton": "2024-07-30 16:58:30 +0000"
    },
    "done": true
  },
  "charm:vanilla_wood_variants/recipes/spruce_ladder": {
    "criteria": {
      "has_stick": "2024-07-30 16:54:34 +0000"
    },
    "done": true
  },
  "betternether:recipes/decorations/nether_reed_fence": {
    "criteria": {
      "has_stick": "2024-07-30 16:54:34 +0000"
    },
    "done": true
  },
  "betternether:recipes/decorations/mushroom_fir_bar_stool": {
    "criteria": {
      "has_stick": "2024-07-30 16:54:34 +0000"
    },
    "done": true
  },
  "betternether:recipes/decorations/willow_taburet": {
    "criteria": {
      "has_stick": "2024-07-30 16:54:34 +0000"
    },
    "done": true
  },
  "betternether:recipes/decorations/birch_bar_stool": {
    "criteria": {
      "has_stick": "2024-07-30 16:54:34 +0000"
    },
    "done": true
  },
  "betternether:recipes/redstone/rubeus_gate": {
    "criteria": {
      "has_stick": "2024-07-30 16:54:34 +0000"
    },
    "done": true
  },
  "regions_unexplored:recipes/decorations/maple_fence": {
    "criteria": {
      "has_maple_planks": "2024-07-30 16:55:03 +0000"
    },
    "done": true
  },
  "betterend:recipes/decorations/lacugrove_ladder": {
    "criteria": {
      "has_stick": "2024-07-30 16:54:34 +0000"
    },
    "done": true
  },
  "biomeswevegone:recipes/transportation/willow_boat": {
    "criteria": {
      "in_water": "2024-07-30 17:09:28 +0000"
    },
    "done": true
  },
  "regions_unexplored:recipes/decorations/spruce_shrub": {
    "criteria": {
      "has_spruce_sapling": "2024-07-30 17:06:16 +0000"
    },
    "done": true
  },
  "biomeswevegone:biomeswevegone/root": {
    "criteria": {
      "tick": "2024-07-30 16:52:52 +0000"
    },
    "done": true
  },
  "supplementaries:recipes/spring_launcher": {
    "criteria": {
      "has_iron_ingot": "2024-07-30 17:08:24 +0000"
    },
    "done": true
  },
  "minecraft:recipes/building_blocks/lapis_block": {
    "criteria": {
      "has_lapis_lazuli": "2024-07-30 17:12:16 +0000"
    },
    "done": true
  },
  "betternether:recipes/redstone/piston": {
    "criteria": {
      "has_tag_minecraft_planks": "2024-07-30 16:55:03 +0000"
    },
    "done": true
  },
  "betternether:recipes/decorations/wart_fence": {
    "criteria": {
      "has_stick": "2024-07-30 16:54:34 +0000"
    },
    "done": true
  },
  "croptopia:recipes/food/beef_jerky": {
    "criteria": {
      "has_the_recipe": "2024-07-30 17:00:46 +0000"
    },
    "done": true
  },
  "blockus:recipes/building_blocks/diorite_brick_slab_from_diorite_stonecutting": {
    "criteria": {
      "has_diorite": "2024-07-30 17:13:58 +0000"
    },
    "done": true
  },
  "betternether:recipes/decorations/chair_cincinnasite": {
    "criteria": {
      "has_stick": "2024-07-30 16:54:34 +0000"
    },
    "done": true
  },
  "croptopia:recipes/burrito": {
    "criteria": {
      "has_the_recipe": "2024-07-30 17:00:46 +0000"
    },
    "done": true
  },
  "supplementaries:recipes/candle_holders/candle_holder_blue": {
    "criteria": {
      "has_iron_ingot": "2024-07-30 17:08:24 +0000"
    },
    "done": true
  },
  "supplementaries:recipes/flags/flag_orange": {
    "criteria": {
      "has_stick": "2024-07-30 16:54:34 +0000"
    },
    "done": true
  },
  "betternether:recipes/building_blocks/quartz_glass_magenta": {
    "criteria": {
      "has_magenta_dye": "2024-07-30 16:59:35 +0000"
    },
    "done": true
  },
  "minecraft:story/mine_stone": {
    "criteria": {
      "get_stone": "2024-07-30 16:55:23 +0000"
    },
    "done": true
  },
  "minecraft:recipes/decorations/furnace": {
    "criteria": {
      "has_cobblestone": "2024-07-30 16:55:23 +0000"
    },
    "done": true
  },
  "supplementaries:recipes/candle_holders/candle_holder_lime": {
    "criteria": {
      "has_iron_ingot": "2024-07-30 17:08:24 +0000"
    },
    "done": true
  },
  "supplementaries:recipes/lock_block": {
    "criteria": {
      "minecraft:planks": "2024-07-30 16:55:03 +0000"
    },
    "done": true
  },
  "betternether:recipes/decorations/crimson_bar_stool": {
    "criteria": {
      "has_stick": "2024-07-30 16:54:34 +0000"
    },
    "done": true
  },
  "minecraft:recipes/misc/gold_nugget_from_blasting": {
    "criteria": {
      "has_golden_leggings": "2024-07-30 17:00:19 +0000"
    },
    "done": true
  },
  "betternether:recipes/decorations/wart_bar_stool": {
    "criteria": {
      "has_stick": "2024-07-30 16:54:34 +0000"
    },
    "done": true
  },
  "betternether:recipes/decorations/bamboo_chair": {
    "criteria": {
      "has_stick": "2024-07-30 16:54:34 +0000"
    },
    "done": true
  },
  "biomeswevegone:recipes/building_blocks/rocky_stone": {
    "criteria": {
      "has_cobblestone": "2024-07-30 16:55:23 +0000"
    },
    "done": true
  },
  "supplementaries:recipes/candle_holders/candle_holder_light_blue": {
    "criteria": {
      "has_iron_ingot": "2024-07-30 17:08:24 +0000"
    },
    "done": true
  },
  "croptopia:recipes/shaped_beef_stew": {
    "criteria": {
      "has_beef": "2024-07-30 17:00:46 +0000"
    },
    "done": true
  },
  "morevillagers:recipes/mining_bench": {
    "criteria": {
      "has_iron_pickaxe": "2024-07-30 17:14:44 +0000"
    },
    "done": true
  },
  "repurposed_structures:root": {
    "criteria": {
      "always": "2024-07-30 16:52:52 +0000"
    },
    "done": true
  },
  "biomeswevegone:recipes/transportation/pine_boat": {
    "criteria": {
      "in_water": "2024-07-30 17:09:28 +0000"
    },
    "done": true
  },
  "betternether:recipes/decorations/nether_mushroom_bar_stool": {
    "criteria": {
      "has_stick": "2024-07-30 16:54:34 +0000"
    },
    "done": true
  },
  "betternether:recipes/decorations/willow_fence": {
    "criteria": {
      "has_stick": "2024-07-30 16:54:34 +0000"
    },
    "done": true
  },
  "minecraft:recipes/tools/shears": {
    "criteria": {
      "has_iron_ingot": "2024-07-30 17:08:24 +0000"
    },
    "done": true
  },
  "supplementaries:recipes/cage": {
    "criteria": {
      "has_iron_ingot": "2024-07-30 17:08:24 +0000"
    },
    "done": true
  },
  "regions_unexplored:recipes/redstone/maple_button": {
    "criteria": {
      "has_maple_planks": "2024-07-30 16:55:03 +0000"
    },
    "done": true
  },
  "minecraft:recipes/building_blocks/cobblestone_slab_from_cobblestone_stonecutting": {
    "criteria": {
      "has_cobblestone": "2024-07-30 16:55:23 +0000"
    },
    "done": true
  },
  "blockus:recipes/building_blocks/raw_bamboo_raft": {
    "criteria": {
      "in_water": "2024-07-30 17:09:28 +0000"
    },
    "done": true
  },
  "minecraft:adventure/kill_all_mobs": {
    "criteria": {
      "minecraft:creeper": "2024-07-30 17:10:43 +0000"
    },
    "done": false
  },
  "betternether:recipes/decorations/birch_chair": {
    "criteria": {
      "has_stick": "2024-07-30 16:54:34 +0000"
    },
    "done": true
  },
  "minecraft:recipes/building_blocks/iron_block": {
    "criteria": {
      "has_iron_ingot": "2024-07-30 17:08:24 +0000"
    },
    "done": true
  },
  "regions_unexplored:recipes/redstone/maple_pressure_plate": {
    "criteria": {
      "has_maple_planks": "2024-07-30 16:55:03 +0000"
    },
    "done": true
  },
  "blockus:recipes/building_blocks/road_barrier": {
    "criteria": {
      "has_iron_ingot": "2024-07-30 17:08:24 +0000"
    },
    "done": true
  },
  "betternether:recipes/decorations/crimson_taburet": {
    "criteria": {
      "has_stick": "2024-07-30 16:54:34 +0000"
    },
    "done": true
  },
  "charm:core/mobs": {
    "criteria": {
      "player_joined": "2024-07-30 16:52:51 +0000"
    },
    "done": true
  },
  "charm:vanilla_wood_variants/recipes/bamboo_ladder": {
    "criteria": {
      "has_stick": "2024-07-30 16:54:34 +0000"
    },
    "done": true
  },
  "betterend:recipes/misc/iron_bulb_lantern_magenta": {
    "criteria": {
      "has_magenta_dye": "2024-07-30 16:59:35 +0000"
    },
    "done": true
  },
  "betterend:recipes/redstone/umbrella_tree_gate": {
    "criteria": {
      "has_stick": "2024-07-30 16:54:34 +0000"
    },
    "done": true
  },
  "minecraft:recipes/building_blocks/stone": {
    "criteria": {
      "has_cobblestone": "2024-07-30 16:55:23 +0000"
    },
    "done": true
  },
  "charm:extra_recipes/recipes/soul_torch": {
    "criteria": {
      "has_stick": "2024-07-30 16:54:34 +0000"
    },
    "done": true
  },
  "minecraft:recipes/transportation/bamboo_raft": {
    "criteria": {
      "in_water": "2024-07-30 17:09:28 +0000"
    },
    "done": true
  },
  "supplementaries:recipes/bomb": {
    "criteria": {
      "has_iron_ingot": "2024-07-30 17:08:24 +0000"
    },
    "done": true
  },
  "backpacked:recipes/decorations/spruce_backpack_shelf": {
    "criteria": {
      "has_stick": "2024-07-30 16:54:34 +0000"
    },
    "done": true
  },
  "betterend:recipes/decorations/lucernia_fence": {
    "criteria": {
      "has_stick": "2024-07-30 16:54:34 +0000"
    },
    "done": true
  },
  "betternether:recipes/building_blocks/obsidian_tile_slab_stonecutter": {
    "criteria": {
      "has_block.minecraft.obsidian": "2024-07-30 17:00:20 +0000"
    },
    "done": true
  },
  "minecraft:recipes/decorations/magenta_candle": {
    "criteria": {
      "has_magenta_dye": "2024-07-30 16:59:35 +0000"
    },
    "done": true
  },
  "betternether:recipes/building_blocks/whispering_gourd_lantern": {
    "criteria": {
      "has_torch": "2024-07-30 17:09:37 +0000"
    },
    "done": true
  },
  "regions_unexplored:recipes/building_blocks/ash": {
    "criteria": {
      "has_gunpowder": "2024-07-30 17:10:45 +0000"
    },
    "done": true
  },
  "regions_unexplored:recipes/building_blocks/black_painted_planks": {
    "criteria": {
      "has_planks": "2024-07-30 16:55:03 +0000"
    },
    "done": true
  },
  "betternether:recipes/decorations/wart_sign": {
    "criteria": {
      "has_stick": "2024-07-30 16:54:34 +0000"
    },
    "done": true
  },
  "blockus:recipes/building_blocks/light_gray_patterned_wool": {
    "criteria": {
      "has_light_gray_wool": "2024-07-30 16:58:38 +0000"
    },
    "done": true
  },
  "betternether:recipes/decorations/stalagnate_chair": {
    "criteria": {
      "has_stick": "2024-07-30 16:54:34 +0000"
    },
    "done": true
  },
  "croptopia:recipes/food/pork_jerky": {
    "criteria": {
      "has_the_recipe": "2024-07-30 17:00:46 +0000"
    },
    "done": true
  },
  "croptopia:recipes/misc/apple_sapling": {
    "criteria": {
      "has_apple": "2024-07-30 16:54:34 +0000"
    },
    "done": true
  },
  "betterend:recipes/decorations/helix_tree_bar_stool": {
    "criteria": {
      "has_stick": "2024-07-30 16:54:34 +0000"
    },
    "done": true
  },
  "minecraft:recipes/building_blocks/polished_diorite_stairs_from_diorite_stonecutting": {
    "criteria": {
      "has_diorite": "2024-07-30 17:13:58 +0000"
    },
    "done": true
  },
  "blockus:recipes/building_blocks/small_obsidian_bricks_from_obsidian_stonecutting": {
    "criteria": {
      "has_obsidian": "2024-07-30 17:00:20 +0000"
    },
    "done": true
  },
  "regions_unexplored:recipes/transportation/kapok_boat": {
    "criteria": {
      "in_water": "2024-07-30 17:09:28 +0000"
    },
    "done": true
  },
  "regions_unexplored:recipes/transportation/cypress_boat": {
    "criteria": {
      "in_water": "2024-07-30 17:09:28 +0000"
    },
    "done": true
  },
  "regions_unexplored:recipes/building_blocks/stripped_maple_wood": {
    "criteria": {
      "has_log": "2024-07-30 16:58:59 +0000"
    },
    "done": true
  },
  "morevillagers:recipes/gardening_table": {
    "criteria": {
      "has_flower": "2024-07-30 16:59:28 +0000"
    },
    "done": true
  },
  "blockus:recipes/building_blocks/small_obsidian_brick_stairs_from_obsidian_stonecutting": {
    "criteria": {
      "has_obsidian": "2024-07-30 17:00:20 +0000"
    },
    "done": true
  },
  "betterend:recipes/decorations/jellyshroom_fence": {
    "criteria": {
      "has_stick": "2024-07-30 16:54:34 +0000"
    },
    "done": true
  },
  "minecraft:recipes/building_blocks/copper_block": {
    "criteria": {
      "has_the_recipe": "2024-07-30 17:18:08 +0000"
    },
    "done": true
  },
  "backpacked:recipes/decorations/acacia_backpack_shelf": {
    "criteria": {
      "has_stick": "2024-07-30 16:54:34 +0000"
    },
    "done": true
  },
  "betternether:recipes/decorations/nether_reed_sign": {
    "criteria": {
      "has_stick": "2024-07-30 16:54:34 +0000"
    },
    "done": true
  },
  "betterend:recipes/decorations/lucernia_sign": {
    "criteria": {
      "has_stick": "2024-07-30 16:54:34 +0000"
    },
    "done": true
  },
  "blockus:recipes/building_blocks/obsidian_brick_slab_from_obsidian_stonecutting": {
    "criteria": {
      "has_obsidian": "2024-07-30 17:00:20 +0000"
    },
    "done": true
  },
  "minecraft:recipes/food/cooked_beef_from_smoking": {
    "criteria": {
      "has_beef": "2024-07-30 17:00:46 +0000"
    },
    "done": true
  },
  "minecraft:recipes/building_blocks/raw_copper_block": {
    "criteria": {
      "has_raw_copper": "2024-07-30 17:14:51 +0000"
    },
    "done": true
  },
  "supplementaries:recipes/candle_holders/candle_holder_purple": {
    "criteria": {
      "has_iron_ingot": "2024-07-30 17:08:24 +0000"
    },
    "done": true
  },
  "supplementaries:recipes/flags/flag_pink": {
    "criteria": {
      "has_stick": "2024-07-30 16:54:34 +0000"
    },
    "done": true
  },
  "betterend:recipes/misc/copy_tool_assembly": {
    "criteria": {
      "has_stick": "2024-07-30 16:54:34 +0000"
    },
    "done": true
  },
  "betternether:recipes/decorations/nether_reed_bar_stool": {
    "criteria": {
      "has_stick": "2024-07-30 16:54:34 +0000"
    },
    "done": true
  },
  "minecraft:recipes/decorations/magenta_banner": {
    "criteria": {
      "has_magenta_wool": "2024-07-30 16:59:39 +0000"
    },
    "done": true
  },
  "minecraft:recipes/tools/stone_pickaxe": {
    "criteria": {
      "has_cobblestone": "2024-07-30 16:55:23 +0000"
    },
    "done": true
  },
  "minecraft:recipes/decorations/lantern": {
    "criteria": {
      "has_iron_nugget": "2024-07-30 17:00:21 +0000"
    },
    "done": true
  },
  "regions_unexplored:recipes/transportation/larch_boat": {
    "criteria": {
      "in_water": "2024-07-30 17:09:28 +0000"
    },
    "done": true
  },
  "betternether:recipes/decorations/acacia_taburet": {
    "criteria": {
      "has_stick": "2024-07-30 16:54:34 +0000"
    },
    "done": true
  },
  "minecraft:recipes/tools/wooden_hoe": {
    "criteria": {
      "has_stick": "2024-07-30 16:54:34 +0000"
    },
    "done": true
  },
  "betterend:recipes/decorations/pythadendron_chair": {
    "criteria": {
      "has_stick": "2024-07-30 16:54:34 +0000"
    },
    "done": true
  },
  "charm:core/enchantments": {
    "criteria": {
      "player_joined": "2024-07-30 16:52:51 +0000"
    },
    "done": true
  },
  "betterend:recipes/decorations/pythadendron_ladder": {
    "criteria": {
      "has_stick": "2024-07-30 16:54:34 +0000"
    },
    "done": true
  },
  "bclib:recipes/transportation/tag_minecart": {
    "criteria": {
      "has_tag_c_iron_ingots": "2024-07-30 17:08:24 +0000"
    },
    "done": true
  },
  "betternether:recipes/decorations/mushroom_fir_fence": {
    "criteria": {
      "has_stick": "2024-07-30 16:54:34 +0000"
    },
    "done": true
  },
  "betterend:recipes/decorations/umbrella_tree_chair": {
    "criteria": {
      "has_stick": "2024-07-30 16:54:34 +0000"
    },
    "done": true
  },
  "minecraft:recipes/misc/charcoal": {
    "criteria": {
      "has_log": "2024-07-30 16:54:18 +0000"
    },
    "done": true
  },
  "charm:core/smithing": {
    "criteria": {
      "player_joined": "2024-07-30 16:52:51 +0000"
    },
    "done": true
  },
  "blockus:recipes/building_blocks/sturdy_stone_alt": {
    "criteria": {
      "has_cobblestone": "2024-07-30 16:55:23 +0000"
    },
    "done": true
  },
  "minecraft:recipes/tools/iron_shovel": {
    "criteria": {
      "has_iron_ingot": "2024-07-30 17:08:24 +0000"
    },
    "done": true
  },
  "minecraft:recipes/decorations/item_frame": {
    "criteria": {
      "has_leather": "2024-07-30 17:00:54 +0000"
    },
    "done": true
  },
  "betternether:recipes/decorations/jungle_chair": {
    "criteria": {
      "has_stick": "2024-07-30 16:54:34 +0000"
    },
    "done": true
  },
  "betternether:recipes/decorations/nether_sakura_fence": {
    "criteria": {
      "has_stick": "2024-07-30 16:54:34 +0000"
    },
    "done": true
  },
  "naturescompass:natures_compass_log": {
    "criteria": {
      "has_log": "2024-07-30 16:54:18 +0000"
    },
    "done": true
  },
  "blockus:recipes/building_blocks/diorite_brick_wall_from_diorite_stonecutting": {
    "criteria": {
      "has_diorite": "2024-07-30 17:13:58 +0000"
    },
    "done": true
  },
  "betterend:recipes/misc/golden_hammer": {
    "criteria": {
      "has_stick": "2024-07-30 16:54:34 +0000"
    },
    "done": true
  },
  "regions_unexplored:recipes/decorations/spruce_branch_from_spruce_log": {
    "criteria": {
      "has_log": "2024-07-30 17:05:26 +0000"
    },
    "done": true
  },
  "betterdungeons:zombie_dungeon": {
    "criteria": {
      "in_better_zombie_dungeon": "2024-07-30 17:13:20 +0000"
    },
    "done": true
  },
  "biomeswevegone:biomeswevegone/husbandry/johnny_appleseed": {
    "criteria": {
      "apple": "2024-07-30 16:54:34 +0000",
      "golden_apple": "2024-07-30 17:13:37 +0000"
    },
    "done": false
  },
  "betternether:recipes/redstone/anchor_tree_gate": {
    "criteria": {
      "has_stick": "2024-07-30 16:54:34 +0000"
    },
    "done": true
  },
  "minecraft:recipes/building_blocks/andesite": {
    "criteria": {
      "has_stone": "2024-07-30 17:13:58 +0000"
    },
    "done": true
  },
  "betterend:recipes/decorations/dragon_tree_ladder": {
    "criteria": {
      "has_stick": "2024-07-30 16:54:34 +0000"
    },
    "done": true
  },
  "minecraft:story/form_obsidian": {
    "criteria": {
      "obsidian": "2024-07-30 17:00:20 +0000"
    },
    "done": true
  },
  "regions_unexplored:recipes/building_blocks/blue_painted_planks": {
    "criteria": {
      "has_planks": "2024-07-30 16:55:03 +0000"
    },
    "done": true
  },
  "biomeswevegone:recipes/transportation/mahogany_boat": {
    "criteria": {
      "in_water": "2024-07-30 17:09:28 +0000"
    },
    "done": true
  },
  "betternether:recipes/decorations/mushroom_fir_ladder": {
    "criteria": {
      "has_stick": "2024-07-30 16:54:34 +0000"
    },
    "done": true
  },
  "regions_unexplored:recipes/building_blocks/maple_wood": {
    "criteria": {
      "has_log": "2024-07-30 16:54:18 +0000"
    },
    "done": true
  },
  "blockus:recipes/building_blocks/charred_boat": {
    "criteria": {
      "in_water": "2024-07-30 17:09:28 +0000"
    },
    "done": true
  },
  "blockus:recipes/building_blocks/limestone": {
    "criteria": {
      "has_cobblestone": "2024-07-30 16:55:23 +0000"
    },
    "done": true
  },
  "betternether:recipes/decorations/nether_sakura_ladder": {
    "criteria": {
      "has_stick": "2024-07-30 16:54:34 +0000"
    },
    "done": true
  },
  "biomeswevegone:recipes/transportation/baobab_boat": {
    "criteria": {
      "in_water": "2024-07-30 17:09:28 +0000"
    },
    "done": true
  },
  "betternether:recipes/building_blocks/obsidian_tile_stonecutter": {
    "criteria": {
      "has_block.minecraft.obsidian": "2024-07-30 17:00:20 +0000"
    },
    "done": true
  },
  "minecraft:recipes/tools/wooden_shovel": {
    "criteria": {
      "has_stick": "2024-07-30 16:54:34 +0000"
    },
    "done": true
  },
  "betterend:recipes/decorations/umbrella_tree_sign": {
    "criteria": {
      "has_stick": "2024-07-30 16:54:34 +0000"
    },
    "done": true
  },
  "biomeswevegone:recipes/transportation/skyris_boat": {
    "criteria": {
      "in_water": "2024-07-30 17:09:28 +0000"
    },
    "done": true
  },
  "minecraft:adventure/root": {
    "criteria": {
      "killed_something": "2024-07-30 16:58:29 +0000"
    },
    "done": true
  },
  "biomeswevegone:recipes/building_blocks/skyris_wood": {
    "criteria": {
      "has_log": "2024-07-30 17:02:58 +0000"
    },
    "done": true
  },
  "supplementaries:recipes/clock_block": {
    "criteria": {
      "minecraft:planks": "2024-07-30 16:55:03 +0000"
    },
    "done": true
  },
  "croptopia:recipes/hamburger": {
    "criteria": {
      "has_beef": "2024-07-30 17:00:46 +0000"
    },
    "done": true
  },
  "betterend:recipes/decorations/end_lotus_sign": {
    "criteria": {
      "has_stick": "2024-07-30 16:54:34 +0000"
    },
    "done": true
  },
  "biomeswevegone:biomeswevegone/adventure/root": {
    "criteria": {
      "biomeswevegone:skyrise_vale": "2024-07-30 16:59:45 +0000"
    },
    "done": true
  },
  "minecraft:recipes/combat/crossbow": {
    "criteria": {
      "has_iron_ingot": "2024-07-30 17:08:24 +0000"
    },
    "done": true
  },
  "biomeswevegone:recipes/transportation/white_mangrove_boat": {
    "criteria": {
      "in_water": "2024-07-30 17:09:28 +0000"
    },
    "done": true
  },
  "minecraft:recipes/decorations/barrel": {
    "criteria": {
      "has_planks": "2024-07-30 16:55:03 +0000"
    },
    "done": true
  },
  "betternether:recipes/redstone/nether_sakura_gate": {
    "criteria": {
      "has_stick": "2024-07-30 16:54:34 +0000"
    },
    "done": true
  },
  "betternether:recipes/redstone/nether_reed_gate": {
    "criteria": {
      "has_stick": "2024-07-30 16:54:34 +0000"
    },
    "done": true
  },
  "betterend:recipes/decorations/lucernia_ladder": {
    "criteria": {
      "has_stick": "2024-07-30 16:54:34 +0000"
    },
    "done": true
  },
  "betterend:recipes/decorations/helix_tree_taburet": {
    "criteria": {
      "has_stick": "2024-07-30 16:54:34 +0000"
    },
    "done": true
  },
  "minecraft:recipes/decorations/white_bed": {
    "criteria": {
      "has_white_wool": "2024-07-30 16:58:29 +0000"
    },
    "done": true
  },
  "betterend:recipes/decorations/pythadendron_taburet": {
    "criteria": {
      "has_stick": "2024-07-30 16:54:34 +0000"
    },
    "done": true
  },
  "biomeswevegone:recipes/transportation/cika_boat": {
    "criteria": {
      "in_water": "2024-07-30 17:09:28 +0000"
    },
    "done": true
  },
  "minecraft:recipes/building_blocks/polished_diorite_slab_from_diorite_stonecutting": {
    "criteria": {
      "has_diorite": "2024-07-30 17:13:58 +0000"
    },
    "done": true
  },
  "alloy_forgery:recipes/alloy_forgery/copper_block": {
    "criteria": {
      "has_raw_copper_ore_block": "2024-07-30 17:18:08 +0000"
    },
    "done": true
  },
  "betternether:recipes/decorations/nether_mushroom_taburet": {
    "criteria": {
      "has_stick": "2024-07-30 16:54:34 +0000"
    },
    "done": true
  },
  "blockus:recipes/building_blocks/sturdy_stone": {
    "criteria": {
      "has_cobblestone": "2024-07-30 16:55:23 +0000"
    },
    "done": true
  },
  "betterend:recipes/decorations/tenanea_chair": {
    "criteria": {
      "has_stick": "2024-07-30 16:54:34 +0000"
    },
    "done": true
  },
  "biomeswevegone:recipes/transportation/ebony_boat": {
    "criteria": {
      "in_water": "2024-07-30 17:09:28 +0000"
    },
    "done": true
  },
  "blockus:recipes/building_blocks/golden_apple_crate_from_apple_crate": {
    "criteria": {
      "has_golden_apple": "2024-07-30 17:13:37 +0000"
    },
    "done": true
  },
  "bclib:recipes/redstone/tag_piston": {
    "criteria": {
      "has_tag_minecraft_planks": "2024-07-30 16:55:03 +0000"
    },
    "done": true
  },
  "minecraft:recipes/tools/stone_shovel": {
    "criteria": {
      "has_cobblestone": "2024-07-30 16:55:23 +0000"
    },
    "done": true
  },
  "regions_unexplored:recipes/redstone/maple_trapdoor": {
    "criteria": {
      "has_maple_planks": "2024-07-30 16:55:03 +0000"
    },
    "done": true
  },
  "regions_unexplored:parent": {
    "criteria": {
      "load_in_world": "2024-07-30 16:52:52 +0000"
    },
    "done": true
  },
  "minecraft:recipes/food/cooked_beef": {
    "criteria": {
      "has_beef": "2024-07-30 17:00:46 +0000"
    },
    "done": true
  },
  "regions_unexplored:recipes/building_blocks/gray_painted_planks": {
    "criteria": {
      "has_planks": "2024-07-30 16:55:03 +0000"
    },
    "done": true
  },
  "minecraft:recipes/redstone/heavy_weighted_pressure_plate": {
    "criteria": {
      "has_iron_ingot": "2024-07-30 17:08:24 +0000"
    },
    "done": true
  },
  "regions_unexplored:recipes/transportation/blackwood_boat": {
    "criteria": {
      "in_water": "2024-07-30 17:09:28 +0000"
    },
    "done": true
  },
  "blockus:recipes/building_blocks/small_obsidian_brick_slab_from_obsidian_stonecutting": {
    "criteria": {
      "has_obsidian": "2024-07-30 17:00:20 +0000"
    },
    "done": true
  },
  "minecraft:recipes/misc/magenta_dye_from_lilac": {
    "criteria": {
      "has_lilac": "2024-07-30 16:59:28 +0000"
    },
    "done": true
  },
  "minecraft:recipes/combat/iron_leggings": {
    "criteria": {
      "has_iron_ingot": "2024-07-30 17:08:24 +0000"
    },
    "done": true
  },
  "betternether:recipes/decorations/dark_oak_bar_stool": {
    "criteria": {
      "has_stick": "2024-07-30 16:54:34 +0000"
    },
    "done": true
  },
  "minecraft:recipes/combat/leather_leggings": {
    "criteria": {
      "has_leather": "2024-07-30 17:00:54 +0000"
    },
    "done": true
  },
  "betterend:recipes/decorations/end_lotus_chair": {
    "criteria": {
      "has_stick": "2024-07-30 16:54:34 +0000"
    },
    "done": true
  },
  "betterend:recipes/decorations/mossy_glowshroom_bar_stool": {
    "criteria": {
      "has_stick": "2024-07-30 16:54:34 +0000"
    },
    "done": true
  },
  "blockus:recipes/white_oak_leaf_pile": {
    "criteria": {
      "has_white_oak_leaves": "2024-07-30 16:54:18 +0000"
    },
    "done": true
  },
  "minecraft:recipes/misc/blue_dye": {
    "criteria": {
      "has_lapis_lazuli": "2024-07-30 17:12:16 +0000"
    },
    "done": true
  },
  "alloy_forgery:recipes/alloy_forgery/iron_block": {
    "criteria": {
      "has_the_recipe": "2024-07-30 17:08:24 +0000"
    },
    "done": true
  },
  "betternether:recipes/decorations/mangrove_chair": {
    "criteria": {
      "has_stick": "2024-07-30 16:54:34 +0000"
    },
    "done": true
  },
  "blockus:recipes/building_blocks/diorite_brick_stairs_from_diorite_stonecutting": {
    "criteria": {
      "has_diorite": "2024-07-30 17:13:58 +0000"
    },
    "done": true
  },
  "croptopia:recipes/stuffed_poblanos": {
    "criteria": {
      "has_beef": "2024-07-30 17:00:46 +0000"
    },
    "done": true
  },
  "regions_unexplored:recipes/transportation/eucalyptus_boat": {
    "criteria": {
      "in_water": "2024-07-30 17:09:28 +0000"
    },
    "done": true
  },
  "betternether:recipes/building_blocks/obsidian_glass_smelting": {
    "criteria": {
      "has_block.minecraft.obsidian": "2024-07-30 17:00:20 +0000"
    },
    "done": true
  },
  "betternether:recipes/decorations/stalagnate_ladder": {
    "criteria": {
      "has_stick": "2024-07-30 16:54:34 +0000"
    },
    "done": true
  },
  "supplementaries:recipes/flags/flag_brown": {
    "criteria": {
      "has_stick": "2024-07-30 16:54:34 +0000"
    },
    "done": true
  },
  "betterend:recipes/misc/copy_terminite_upgrade": {
    "criteria": {
      "has_stick": "2024-07-30 16:54:34 +0000"
    },
    "done": true
  },
  "minecraft:recipes/transportation/minecart": {
    "criteria": {
      "has_iron_ingot": "2024-07-30 17:08:24 +0000"
    },
    "done": true
  },
  "minecraft:recipes/tools/iron_hoe": {
    "criteria": {
      "has_iron_ingot": "2024-07-30 17:08:24 +0000"
    },
    "done": true
  },
  "betternether:recipes/decorations/nether_sakura_chair": {
    "criteria": {
      "has_stick": "2024-07-30 16:54:34 +0000"
    },
    "done": true
  },
  "charm:vanilla_wood_variants/recipes/oak_ladder": {
    "criteria": {
      "has_stick": "2024-07-30 16:54:34 +0000"
    },
    "done": true
  },
  "betternether:recipes/redstone/nether_mushroom_gate": {
    "criteria": {
      "has_stick": "2024-07-30 16:54:34 +0000"
    },
    "done": true
  },
  "betternether:recipes/decorations/dark_oak_chair": {
    "criteria": {
      "has_stick": "2024-07-30 16:54:34 +0000"
    },
    "done": true
  },
  "biomeswevegone:recipes/transportation/maple_boat": {
    "criteria": {
      "in_water": "2024-07-30 17:09:28 +0000"
    },
    "done": true
  },
  "minecraft:recipes/decorations/painting": {
    "criteria": {
      "has_wool": "2024-07-30 16:58:29 +0000"
    },
    "done": true
  },
  "bclib:recipes/decorations/tag_smith_table": {
    "criteria": {
      "has_tag_minecraft_planks": "2024-07-30 16:55:03 +0000"
    },
    "done": true
  },
  "betternether:recipes/building_blocks/obsidian_bricks_slab_stonecutter": {
    "criteria": {
      "has_block.minecraft.obsidian": "2024-07-30 17:00:20 +0000"
    },
    "done": true
  },
  "biomeswevegone:recipes/transportation/sakura_boat": {
    "criteria": {
      "in_water": "2024-07-30 17:09:28 +0000"
    },
    "done": true
  },
  "backpacked:recipes/decorations/birch_backpack_shelf": {
    "criteria": {
      "has_stick": "2024-07-30 16:54:34 +0000"
    },
    "done": true
  },
  "charm:vanilla_wood_variants/recipes/mangrove_ladder": {
    "criteria": {
      "has_stick": "2024-07-30 16:54:34 +0000"
    },
    "done": true
  },
  "regions_unexplored:recipes/building_blocks/white_painted_planks": {
    "criteria": {
      "has_planks": "2024-07-30 16:55:03 +0000"
    },
    "done": true
  },
  "croptopia:recipes/misc/apple_pie": {
    "criteria": {
      "has_apple": "2024-07-30 16:54:34 +0000"
    },
    "done": true
  },
  "betterend:recipes/misc/terminite_bulb_lantern_magenta": {
    "criteria": {
      "has_magenta_dye": "2024-07-30 16:59:35 +0000"
    },
    "done": true
  },
  "regions_unexplored:recipes/building_blocks/maple_slab": {
    "criteria": {
      "has_maple_planks": "2024-07-30 16:55:03 +0000"
    },
    "done": true
  },
  "blockus:recipes/building_blocks/white_oak_boat": {
    "criteria": {
      "in_water": "2024-07-30 17:09:28 +0000"
    },
    "done": true
  },
  "betternether:recipes/decorations/warped_bar_stool": {
    "criteria": {
      "has_stick": "2024-07-30 16:54:34 +0000"
    },
    "done": true
  },
  "regions_unexplored:recipes/building_blocks/maple_planks": {
    "criteria": {
      "has_logs": "2024-07-30 16:54:18 +0000"
    },
    "done": true
  },
  "biomeswevegone:biomeswevegone/adventure/oh_the_biomes_weve_gone": {
    "criteria": {
      "biomeswevegone:skyrise_vale": "2024-07-30 16:59:45 +0000"
    },
    "done": false
  },
  "regions_unexplored:recipes/transportation/palm_boat": {
    "criteria": {
      "in_water": "2024-07-30 17:09:28 +0000"
    },
    "done": true
  },
  "betternether:recipes/decorations/stalagnate_taburet": {
    "criteria": {
      "has_stick": "2024-07-30 16:54:34 +0000"
    },
    "done": true
  },
  "minecraft:recipes/decorations/chain": {
    "criteria": {
      "has_iron_nugget": "2024-07-30 17:00:21 +0000"
    },
    "done": true
  },
  "regions_unexplored:recipes/building_blocks/light_blue_painted_planks": {
    "criteria": {
      "has_planks": "2024-07-30 16:55:03 +0000"
    },
    "done": true
  },
  "biomeswevegone:recipes/transportation/florus_boat": {
    "criteria": {
      "in_water": "2024-07-30 17:09:28 +0000"
    },
    "done": true
  },
  "supplementaries:recipes/sconce": {
    "criteria": {
      "has_iron_nugget": "2024-07-30 17:00:21 +0000"
    },
    "done": true
  },
  "bclib:recipes/transportation/tag_rail": {
    "criteria": {
      "has_stick": "2024-07-30 16:54:34 +0000"
    },
    "done": true
  },
  "regions_unexplored:recipes/redstone/maple_door": {
    "criteria": {
      "has_maple_planks": "2024-07-30 16:55:03 +0000"
    },
    "done": true
  },
  "minecraft:recipes/decorations/smithing_table": {
    "criteria": {
      "has_iron_ingot": "2024-07-30 17:08:24 +0000"
    },
    "done": true
  },
  "supplementaries:recipes/speaker_block": {
    "criteria": {
      "minecraft:planks": "2024-07-30 16:55:03 +0000"
    },
    "done": true
  },
  "supplementaries:recipes/bellows": {
    "criteria": {
      "has_leather": "2024-07-30 17:00:54 +0000"
    },
    "done": true
  },
  "betterend:recipes/decorations/mossy_glowshroom_chair": {
    "criteria": {
      "has_stick": "2024-07-30 16:54:34 +0000"
    },
    "done": true
  },
  "betternether:recipes/decorations/rubeus_ladder": {
    "criteria": {
      "has_stick": "2024-07-30 16:54:34 +0000"
    },
    "done": true
  },
  "regions_unexplored:recipes/transportation/oak_boat": {
    "criteria": {
      "in_water": "2024-07-30 17:09:28 +0000"
    },
    "done": true
  },
  "charm:vanilla_wood_variants/recipes/birch_ladder": {
    "criteria": {
      "has_stick": "2024-07-30 16:54:34 +0000"
    },
    "done": true
  },
  "bclib:recipes/combat/tag_shield": {
    "criteria": {
      "has_tag_minecraft_planks": "2024-07-30 16:55:03 +0000"
    },
    "done": true
  },
  "blockus:recipes/building_blocks/magenta_patterned_wool": {
    "criteria": {
      "has_magenta_wool": "2024-07-30 16:59:39 +0000"
    },
    "done": true
  },
  "minecraft:husbandry/root": {
    "criteria": {
      "consumed_item": "2024-07-30 16:58:57 +0000"
    },
    "done": true
  },
  "minecraft:recipes/transportation/birch_boat": {
    "criteria": {
      "in_water": "2024-07-30 17:09:28 +0000"
    },
    "done": true
  },
  "betterend:recipes/decorations/end_lotus_bar_stool": {
    "criteria": {
      "has_stick": "2024-07-30 16:54:34 +0000"
    },
    "done": true
  },
  "minecraft:recipes/decorations/white_carpet": {
    "criteria": {
      "has_white_wool": "2024-07-30 16:58:29 +0000"
    },
    "done": true
  },
  "minecraft:recipes/transportation/oak_boat": {
    "criteria": {
      "has_the_recipe": "2024-07-30 17:09:28 +0000",
      "in_water": "2024-07-30 17:09:28 +0000"
    },
    "done": true
  },
  "minecraft:recipes/building_blocks/coal_block": {
    "criteria": {
      "has_coal": "2024-07-30 16:56:54 +0000"
    },
    "done": true
  },
  "betterend:recipes/misc/iron_hammer": {
    "criteria": {
      "has_stick": "2024-07-30 16:54:34 +0000"
    },
    "done": true
  },
  "charm:core/automation": {
    "criteria": {
      "player_joined": "2024-07-30 16:52:51 +0000"
    },
    "done": true
  },
  "charm:vanilla_wood_variants/recipes/cherry_ladder": {
    "criteria": {
      "has_stick": "2024-07-30 16:54:34 +0000"
    },
    "done": true
  },
  "supplementaries:recipes/goblet": {
    "criteria": {
      "has_iron_nugget": "2024-07-30 17:00:21 +0000"
    },
    "done": true
  },
  "betterend:recipes/redstone/lacugrove_gate": {
    "criteria": {
      "has_stick": "2024-07-30 16:54:34 +0000"
    },
    "done": true
  },
  "betterend:recipes/decorations/pythadendron_bar_stool": {
    "criteria": {
      "has_stick": "2024-07-30 16:54:34 +0000"
    },
    "done": true
  },
  "betternether:recipes/building_blocks/obsidian_bricks_stonecutter": {
    "criteria": {
      "has_block.minecraft.obsidian": "2024-07-30 17:00:20 +0000"
    },
    "done": true
  },
  "betternether:recipes/decorations/rubeus_sign": {
    "criteria": {
      "has_stick": "2024-07-30 16:54:34 +0000"
    },
    "done": true
  },
  "blockus:recipes/building_blocks/spruce_small_logs": {
    "criteria": {
      "has_spruce_log": "2024-07-30 17:05:26 +0000"
    },
    "done": true
  },
  "betternether:recipes/combat/shield": {
    "criteria": {
      "has_tag_minecraft_planks": "2024-07-30 16:55:03 +0000"
    },
    "done": true
  },
  "minecraft:recipes/decorations/torch": {
    "criteria": {
      "has_stone_pickaxe": "2024-07-30 16:55:32 +0000"
    },
    "done": true
  },
  "supplementaries:recipes/flags/flag_blue": {
    "criteria": {
      "has_stick": "2024-07-30 16:54:34 +0000"
    },
    "done": true
  },
  "biomeswevegone:recipes/transportation/witch_hazel_boat": {
    "criteria": {
      "in_water": "2024-07-30 17:09:28 +0000"
    },
    "done": true
  },
  "biomeswevegone:recipes/transportation/jacaranda_boat": {
    "criteria": {
      "in_water": "2024-07-30 17:09:28 +0000"
    },
    "done": true
  },
  "minecraft:recipes/decorations/magenta_carpet": {
    "criteria": {
      "has_magenta_wool": "2024-07-30 16:59:39 +0000"
    },
    "done": true
  },
  "regions_unexplored:recipes/building_blocks/pink_painted_planks": {
    "criteria": {
      "has_planks": "2024-07-30 16:55:03 +0000"
    },
    "done": true
  },
  "betterend:recipes/misc/iron_bulb_lantern": {
    "criteria": {
      "has_iron_ingot": "2024-07-30 17:08:24 +0000"
    },
    "done": true
  },
  "minecraft:recipes/building_blocks/spruce_planks": {
    "criteria": {
      "has_logs": "2024-07-30 17:05:26 +0000"
    },
    "done": true
  },
  "betterend:recipes/misc/thallasium_sword_handle": {
    "criteria": {
      "has_item.minecraft.stick": "2024-07-30 16:54:34 +0000"
    },
    "done": true
  },
  "betternether:recipes/building_blocks/obsidian_tile": {
    "criteria": {
      "has_obsidian": "2024-07-30 17:00:20 +0000"
    },
    "done": true
  },
  "betterend:recipes/decorations/jellyshroom_ladder": {
    "criteria": {
      "has_stick": "2024-07-30 16:54:34 +0000"
    },
    "done": true
  },
  "betterend:recipes/misc/copy_thallasium_upgrade": {
    "criteria": {
      "has_stick": "2024-07-30 16:54:34 +0000"
    },
    "done": true
  },
  "blockus:recipes/building_blocks/obsidian_bricks": {
    "criteria": {
      "has_obsidian": "2024-07-30 17:00:20 +0000"
    },
    "done": true
  },
  "betternether:recipes/decorations/rubeus_fence": {
    "criteria": {
      "has_stick": "2024-07-30 16:54:34 +0000"
    },
    "done": true
  },
  "blockus:recipes/building_blocks/obsidian_brick_wall_from_obsidian_stonecutting": {
    "criteria": {
      "has_obsidian": "2024-07-30 17:00:20 +0000"
    },
    "done": true
  },
  "promenade:recipes/crafting/sakura/boat": {
    "criteria": {
      "in_water": "2024-07-30 17:09:28 +0000"
    },
    "done": true
  },
  "regions_unexplored:recipes/transportation/mauve_boat": {
    "criteria": {
      "in_water": "2024-07-30 17:09:28 +0000"
    },
    "done": true
  },
  "regions_unexplored:recipes/transportation/redwood_boat": {
    "criteria": {
      "in_water": "2024-07-30 17:09:28 +0000"
    },
    "done": true
  },
  "biomeswevegone:recipes/transportation/palm_boat": {
    "criteria": {
      "in_water": "2024-07-30 17:09:28 +0000"
    },
    "done": true
  },
  "promenade:recipes/crafting/palm/boat": {
    "criteria": {
      "in_water": "2024-07-30 17:09:28 +0000"
    },
    "done": true
  },
  "minecraft:recipes/food/cooked_mutton": {
    "criteria": {
      "has_mutton": "2024-07-30 16:58:30 +0000"
    },
    "done": true
  },
  "betternether:recipes/decorations/nether_sakura_taburet": {
    "criteria": {
      "has_stick": "2024-07-30 16:54:34 +0000"
    },
    "done": true
  },
  "minecraft:recipes/decorations/white_banner": {
    "criteria": {
      "has_white_wool": "2024-07-30 16:58:29 +0000"
    },
    "done": true
  },
  "biomeswevegone:recipes/transportation/zelkova_boat": {
    "criteria": {
      "in_water": "2024-07-30 17:09:28 +0000"
    },
    "done": true
  },
  "betterend:recipes/redstone/jellyshroom_gate": {
    "criteria": {
      "has_stick": "2024-07-30 16:54:34 +0000"
    },
    "done": true
  },
  "minecraft:recipes/building_blocks/dye_magenta_wool": {
    "criteria": {
      "has_needed_dye": "2024-07-30 16:59:35 +0000"
    },
    "done": true
  },
  "regions_unexplored:recipes/building_blocks/magenta_painted_planks": {
    "criteria": {
      "has_planks": "2024-07-30 16:55:03 +0000"
    },
    "done": true
  },
  "betternether:recipes/decorations/anchor_tree_fence": {
    "criteria": {
      "has_stick": "2024-07-30 16:54:34 +0000"
    },
    "done": true
  },
  "croptopia:recipes/documentation": {
    "criteria": {
      "has_crop": "2024-07-30 16:54:34 +0000"
    },
    "done": true
  },
  "betternether:recipes/decorations/wart_chair": {
    "criteria": {
      "has_stick": "2024-07-30 16:54:34 +0000"
    },
    "done": true
  },
  "supplementaries:recipes/flags/flag_yellow": {
    "criteria": {
      "has_stick": "2024-07-30 16:54:34 +0000"
    },
    "done": true
  },
  "betterend:recipes/redstone/lucernia_gate": {
    "criteria": {
      "has_stick": "2024-07-30 16:54:34 +0000"
    },
    "done": true
  },
  "betterend:recipes/misc/diamond_hammer": {
    "criteria": {
      "has_stick": "2024-07-30 16:54:34 +0000"
    },
    "done": true
  },
  "biomeswevegone:recipes/transportation/ironwood_boat": {
    "criteria": {
      "in_water": "2024-07-30 17:09:28 +0000"
    },
    "done": true
  },
  "croptopia:recipes/fruit_salad": {
    "criteria": {
      "has_apple": "2024-07-30 16:54:34 +0000"
    },
    "done": true
  },
  "betterend:recipes/misc/hydralux_petal_block_magenta": {
    "criteria": {
      "has_magenta_dye": "2024-07-30 16:59:35 +0000"
    },
    "done": true
  },
  "blockus:recipes/building_blocks/herringbone_diorite_bricks_from_diorite_stonecutting": {
    "criteria": {
      "has_diorite": "2024-07-30 17:13:58 +0000"
    },
    "done": true
  },
  "backpacked:recipes/decorations/warped_backpack_shelf": {
    "criteria": {
      "has_stick": "2024-07-30 16:54:34 +0000"
    },
    "done": true
  },
  "supplementaries:recipes/flags/flag_light_gray": {
    "criteria": {
      "has_stick": "2024-07-30 16:54:34 +0000"
    },
    "done": true
  },
  "betternether:recipes/decorations/stalagnate_fence": {
    "criteria": {
      "has_stick": "2024-07-30 16:54:34 +0000"
    },
    "done": true
  },
  "blockus:recipes/building_blocks/white_patterned_wool": {
    "criteria": {
      "has_white_wool": "2024-07-30 16:58:29 +0000"
    },
    "done": true
  },
  "betternether:recipes/decorations/nether_mushroom_chair": {
    "criteria": {
      "has_stick": "2024-07-30 16:54:34 +0000"
    },
    "done": true
  },
  "betternether:recipes/decorations/nether_mushroom_sign": {
    "criteria": {
      "has_stick": "2024-07-30 16:54:34 +0000"
    },
    "done": true
  },
  "minecraft:recipes/decorations/magenta_stained_glass_pane_from_glass_pane": {
    "criteria": {
      "has_magenta_dye": "2024-07-30 16:59:35 +0000"
    },
    "done": true
  },
  "betterend:recipes/decorations/umbrella_tree_bar_stool": {
    "criteria": {
      "has_stick": "2024-07-30 16:54:34 +0000"
    },
    "done": true
  },
  "supplementaries:recipes/candle_holders/candle_holder_cyan": {
    "criteria": {
      "has_iron_ingot": "2024-07-30 17:08:24 +0000"
    },
    "done": true
  },
  "bclib:recipes/redstone/tag_hopper": {
    "criteria": {
      "has_tag_c_iron_ingots": "2024-07-30 17:08:24 +0000"
    },
    "done": true
  },
  "minecraft:recipes/misc/iron_nugget_from_blasting": {
    "criteria": {
      "has_iron_pickaxe": "2024-07-30 17:14:44 +0000"
    },
    "done": true
  },
  "minecraft:adventure/adventuring_time": {
    "criteria": {
      "minecraft:taiga": "2024-07-30 17:05:21 +0000",
      "minecraft:river": "2024-07-30 17:01:13 +0000",
      "minecraft:dripstone_caves": "2024-07-30 17:08:46 +0000"
    },
    "done": false
  },
  "charm:core/root": {
    "criteria": {
      "player_joined": "2024-07-30 16:52:51 +0000"
    },
    "done": true
  },
  "supplementaries:recipes/pulley": {
    "criteria": {
      "minecraft:planks": "2024-07-30 16:55:03 +0000"
    },
    "done": true
  },
  "betternether:recipes/decorations/anchor_tree_ladder": {
    "criteria": {
      "has_stick": "2024-07-30 16:54:34 +0000"
    },
    "done": true
  },
  "minecraft:recipes/building_blocks/cobblestone_stairs_from_cobblestone_stonecutting": {
    "criteria": {
      "has_cobblestone": "2024-07-30 16:55:23 +0000"
    },
    "done": true
  },
  "supplementaries:recipes/sconce_soul": {
    "criteria": {
      "has_iron_nugget": "2024-07-30 17:00:21 +0000"
    },
    "done": true
  },
  "minecraft:recipes/building_blocks/diorite_slab_from_diorite_stonecutting": {
    "criteria": {
      "has_diorite": "2024-07-30 17:13:58 +0000"
    },
    "done": true
  },
  "charm:storage_blocks/recipes/gunpowder_block": {
    "criteria": {
      "has_gunpowder": "2024-07-30 17:10:45 +0000"
    },
    "done": true
  },
  "betterend:recipes/decorations/umbrella_tree_taburet": {
    "criteria": {
      "has_stick": "2024-07-30 16:54:34 +0000"
    },
    "done": true
  },
  "minecraft:recipes/redstone/tnt": {
    "criteria": {
      "has_gunpowder": "2024-07-30 17:10:45 +0000"
    },
    "done": true
  },
  "supplementaries:recipes/lapis_bricks": {
    "criteria": {
      "has_lapis_lazuli": "2024-07-30 17:12:16 +0000"
    },
    "done": true
  },
  "minecraft:recipes/decorations/enchanting_table": {
    "criteria": {
      "has_obsidian": "2024-07-30 17:00:20 +0000"
    },
    "done": true
  },
  "charm:azalea_wood/recipes/azalea_boat": {
    "criteria": {
      "in_water": "2024-07-30 17:09:28 +0000"
    },
    "done": true
  },
  "minecraft:recipes/tools/stone_hoe": {
    "criteria": {
      "has_cobblestone": "2024-07-30 16:55:23 +0000"
    },
    "done": true
  },
  "regions_unexplored:recipes/transportation/willow_boat": {
    "criteria": {
      "in_water": "2024-07-30 17:09:28 +0000"
    },
    "done": true
  },
  "bclib:recipes/brewing/tag_cauldron": {
    "criteria": {
      "has_tag_c_iron_ingots": "2024-07-30 17:08:24 +0000"
    },
    "done": true
  },
  "minecraft:recipes/misc/raw_copper": {
    "criteria": {
      "has_raw_copper_block": "2024-07-30 17:18:08 +0000"
    },
    "done": true
  },
  "minecraft:story/root": {
    "criteria": {
      "crafting_table": "2024-07-30 16:55:06 +0000"
    },
    "done": true
  },
  "bclib:recipes/decorations/tag_stonecutter": {
    "criteria": {
      "has_tag_c_iron_ingots": "2024-07-30 17:08:24 +0000"
    },
    "done": true
  },
  "betterend:recipes/misc/copy_leather_handle_attachment": {
    "criteria": {
      "has_leather": "2024-07-30 17:00:54 +0000"
    },
    "done": true
  },
  "betternether:recipes/decorations/willow_chair": {
    "criteria": {
      "has_stick": "2024-07-30 16:54:34 +0000"
    },
    "done": true
  },
  "minecraft:recipes/misc/copper_ingot_from_smelting_raw_copper": {
    "criteria": {
      "has_raw_copper": "2024-07-30 17:14:51 +0000"
    },
    "done": true
  },
  "betterend:recipes/decorations/dragon_tree_sign": {
    "criteria": {
      "has_stick": "2024-07-30 16:54:34 +0000"
    },
    "done": true
  },
  "betternether:recipes/decorations/spruce_bar_stool": {
    "criteria": {
      "has_stick": "2024-07-30 16:54:34 +0000"
    },
    "done": true
  },
  "croptopia:recipes/misc/cooking_pot": {
    "criteria": {
      "has_iron": "2024-07-30 17:08:24 +0000"
    },
    "done": true
  },
  "things:root": {
    "criteria": {
      "tick": "2024-07-30 16:52:52 +0000"
    },
    "done": true
  },
  "supplementaries:recipes/flags/flag_lime": {
    "criteria": {
      "has_stick": "2024-07-30 16:54:34 +0000"
    },
    "done": true
  },
  "betternether:recipes/decorations/stalagnate_bar_stool": {
    "criteria": {
      "has_stick": "2024-07-30 16:54:34 +0000"
    },
    "done": true
  },
  "charm:core/tweaks": {
    "criteria": {
      "player_joined": "2024-07-30 16:52:51 +0000"
    },
    "done": true
  },
  "minecraft:recipes/food/cooked_beef_from_campfire_cooking": {
    "criteria": {
      "has_beef": "2024-07-30 17:00:46 +0000"
    },
    "done": true
  },
  "betterend:recipes/decorations/dragon_tree_chair": {
    "criteria": {
      "has_stick": "2024-07-30 16:54:34 +0000"
    },
    "done": true
  },
  "DataVersion": 3465
}